id;customer_code;company_name;address;tax_code;first_name;last_name;birthday;phone_number;email;position;customer_owner;contract_signed;customer_status;last_updated;created_date;is_deleted
f4631118-ddb4-4331-93a4-3f8b660320a5;except back-up although;obedient past hence;doorpost gadzooks across;besides;Eric;Bergstrom;2024-06-27;barrel emotional;Madonna98@yahoo.com;a;17b20539-3bde-4576-822c-3ffafb10f78d;2024-06-27;FOWARDED;2024-06-26T14:28:44;2024-06-27T05:32:15;false
7d3552f1-849a-47a2-a0c1-a145ed0e8994;pegboard afore instead;aha torpedo insomnia;meh whether;ick;Greg;Fritsch;2024-06-26;if;Verner96@gmail.com;quizzically huzzah tricky;0caa35f2-3b18-40f2-826e-cfbfb33174a0;2024-06-26;FOWARDED;2024-06-26T21:20:42;2024-06-26T20:41:45;true
f45d16e0-3d96-4d6b-b72c-e489d4437986;disclose sniffle;shanty amongst corral;below affront unlike;overlooked round topic;Carson;Robel;2024-06-26;plunge anti amidst;Montana46@hotmail.com;socialism;f519915e-ab24-4d4c-8c7d-f96e62567ff5;2024-06-26;FOWARDED;2024-06-27T00:05:56;2024-06-26T06:37:09;false
0f8b9864-2e36-4dbb-a8e7-c4c18f707bfd;ululate now;so;woefully;diminish;Mallory;Schimmel;2024-06-26;anthropology down;Margarita25@yahoo.com;vibrant pedestrianise;e671c236-c939-4f5e-983f-25b9adf80285;2024-06-26;DISABLED;2024-06-26T14:25:06;2024-06-26T09:36:23;false
99680a23-cd74-443e-b399-48112f4a7c6d;after;whose milky near;blah verify;parrot though hypothesis;Serena;Balistreri;2024-06-26;meanwhile shrilly;Vergie.Bins58@gmail.com;how;f2c63d3c-c45f-45b7-89c4-6fdbbba0f087;2024-06-26;FOWARDED;2024-06-27T01:28:30;2024-06-27T02:52:19;false
3eaf4230-c683-4aa9-9ae1-5e2d8e17a3e6;huzzah chaise;politely declaim clothe;forest;why manipulate;Jailyn;Zemlak;2024-06-26;abnormally whoa;Clara_Simonis@hotmail.com;mob viciously;0bdda1bf-4518-4573-bf89-5b8887cb5ae6;2024-06-27;FOWARDED;2024-06-26T20:31:32;2024-06-26T11:25:24;false
5e0838ef-f72e-4b00-84b6-c03c4f80f53e;phooey;righteously when barring;black-and-white;prowl an;Elena;Ankunding;2024-06-27;throughout;Katelin58@yahoo.com;phew consequently pfft;163f507c-2ef1-4c2f-af32-f086970d5103;2024-06-27;ENABLED;2024-06-26T10:08:19;2024-06-27T03:32:35;false
9f267b02-a1de-4518-825f-3d4eb909fc76;unequaled;undercharge who;ladder;wriggler;Zion;Ritchie;2024-06-26;usually;Bret51@gmail.com;among unlucky;899d5899-18a7-49a5-9ef2-40bb86f19945;2024-06-26;FOWARDED;2024-06-26T23:07:55;2024-06-26T09:24:59;false
2ede1423-5e32-427a-b219-097d49ca7f2c;something truly ouch;plus;vice indeed;woot;Alford;Block;2024-06-26;joyously content;Gabriella_Fadel37@yahoo.com;beside fair bridge;bd64b881-1655-462e-a5d3-df302466aa5c;2024-06-26;FOWARDED;2024-06-26T09:08:14;2024-06-27T00:01:06;false
68a170be-62bb-4b9c-b05d-dc3d04ec0adf;work;sash till;frankly phew enrapture;mmm;Lawrence;Mitchell-Hagenes;2024-06-27;oh;Fred.Gutkowski@gmail.com;ouch wherever illiterate;3263dd05-1276-40bd-a6b2-06cc20c53e53;2024-06-27;ENABLED;2024-06-26T16:52:36;2024-06-27T06:05:23;false
