id;code;delivery_date;expected_receive_date;contract_id;order_id;content;quantity;unit_id;price;total;payment_method;receiver_name;delivery_location;note;type;attachment;attribute;is_deleted;created_at;created_by;updated_at;updated_by;deleted_at;deleted_by;company;department
396042a3-7ff9-4f7a-8e7d-49be2ab9d6d6;apud unused what;2024-11-17;2024-11-17;db0282f4-076a-4d3a-883a-cd12588b90c8;fa4c1bf8-3ea7-4a32-88f0-3551a2422010;consequently wherever;21050;87be5ea9-f61a-4243-8d52-a7457f02a7d0;31126.25;19088.75;aha white if;softly molasses;digital;tenderly ew furthermore;cinder whereas;since yourself ha;outside harvester;true;2024-11-17T19:06:47;elegantly naturalisation;2024-11-17T22:38:37;concerning;2024-11-17T16:55:10;with arch-rival;complete tensely though;cheery so
ac8aa667-bc57-4112-9d27-044601f158e0;really at;2024-11-17;2024-11-17;2fc278a5-c979-4120-9bd7-aef30596a4dc;80ccc4ff-d721-4388-a3ca-e578c6a3bf1a;metric;12853;aefd879b-edd2-4ca6-ad33-ef48eeb7a970;15768.11;29572.45;upon ashram;eyelid disability in;after thankful registration;outside encircle;more;resonate minus frilly;heartfelt across;false;2024-11-17T11:31:45;yahoo platinum eek;2024-11-17T09:54:22;decode ornery kind;2024-11-17T09:08:13;among;pro;toward far oval
513a166d-6fef-4b0f-b85e-8c550847453f;gentle;2024-11-17;2024-11-17;6b2a498e-4bff-4124-aeb9-1d62dc8cd3ba;973ffd3e-5f0e-4886-aabe-70885c118b42;circa ugh triumphantly;12432;47be0c27-24e0-4200-bdbd-88c86d1c04b8;12599.77;17826.3;crystallize;paginate amid dispatch;utterly;stud mountainous;total since;and;gradient;true;2024-11-17T14:06:39;strobe although;2024-11-17T21:26:58;work limply;2024-11-18T02:19:13;automatic overcooked crusader;willfully wetly wherever;blowgun shabby when
761e7818-898f-4fd1-aba8-4f2070141fc6;whereas loosely babyish;2024-11-17;2024-11-17;78001131-1558-4e1e-acb0-9bfc461e670e;68f67cf6-5fc7-4b53-9084-659e6c248c67;violently loosely overstate;158;5fef8244-a9ba-4bd7-841b-27d55a2488da;28911.76;25065.69;street;circa;onto why;causeway;bad;knottily unto phooey;spec;true;2024-11-17T15:26:44;aha sans;2024-11-17T20:33:08;ouch;2024-11-17T07:03:37;along;broadly freely;instead woot oar
e86a102c-7c53-40b9-9e80-fccb027542cc;furrow so;2024-11-17;2024-11-17;977e22c3-a75f-40eb-93bd-b5dad9e4dea9;5f5b81be-6abc-422c-b770-cbc011b3f0e1;ha content;4413;9832203e-aa22-4b2a-bc3e-23ad31392899;24248.66;26588.5;detoxify secretary boo;geez unabashedly gadzooks;participant sedately sniveling;beside;crafty;lazily brr;whirlwind carefully vehicle;true;2024-11-17T15:54:57;gee sparse;2024-11-17T05:59:35;phew ordain righteously;2024-11-18T04:17:08;over;disafforest an sadly;whether upon
756971ec-4905-4a68-be4e-136d569cbb78;voluntarily;2024-11-18;2024-11-17;e3f90622-b0ce-4aaa-ad9e-a5fbdc583cc0;9928bdec-2eea-43e7-adea-819726de24db;whoever following;19061;f317b0ae-28d3-486b-bad6-f5ae6aaaaa44;15272.77;7334.47;violently noisy whose;for;voluntarily anxiously;leprosy;provided next;greedily once excepting;officially breeze commission;false;2024-11-17T22:53:59;overcharge;2024-11-17T07:29:33;till;2024-11-17T10:36:51;parallel;tripod from weasel;phooey a next
d04e9907-31c5-48f2-afbf-1ed01111b92a;expiate;2024-11-17;2024-11-17;75e14743-8617-4fb8-bfea-c4949c8a5659;6f369664-bbe8-43ba-a234-a851742e645f;wig although;14158;e5ae2eae-15cd-4493-9898-4992eae264cd;3441.35;2951.44;pro mailing;theology;lychee married mutter;since mid internationalise;positively shyly;wetly moist;grizzled;true;2024-11-18T05:13:57;since ouch router;2024-11-18T00:47:02;shuck;2024-11-17T15:02:38;above silent scholarly;sectional wiggle meh;gadzooks inherit save
99652ce3-a200-4176-8cb8-196fdc9171ff;symbol;2024-11-17;2024-11-17;3e578588-15e5-4943-877b-fd53a6b7f9e7;463f3d9a-8b18-489b-8656-3266feb9afbb;magnify hmph embellish;5246;7ecaabe2-e3a1-477f-a14e-155baef17434;25331.1;9169.72;yet why;spherical troubleshoot cold;tinted;married floodlight sleepy;wee hideous;sophomore plus;midst;true;2024-11-17T06:49:20;next hate;2024-11-17T15:47:53;psst;2024-11-17T15:09:18;dinner toward barring;teeming;relish caftan
50e58bbc-be0b-490c-946e-6cef1a6a732e;pish;2024-11-18;2024-11-17;15d99e35-fe11-44ac-9870-96f598e12b8d;6e516fa0-dddc-458e-9c1a-404699ff02b0;always pill;13246;28b21b52-29c4-4db2-af9d-71249e01ba0c;27366.22;12260.53;perky whether semaphore;brr;modulo insistent lye;pro amid;woot sledge;midst;phew;false;2024-11-17T06:38:49;palpate now mummify;2024-11-18T05:17:10;perjure;2024-11-17T20:40:11;intently fig ew;woot fisherman;theism
10c0fdd4-492d-4155-8f00-d82d437568f3;pish;2024-11-18;2024-11-17;5fb689b9-cdc0-44cf-89c5-331b2da3f754;f20395a9-8319-494e-9f83-6b865072935e;whoever huzzah duh;20653;cc0384de-0b81-4287-9e7f-8ccb3866c83f;21454.49;1382.88;though shallow gadzooks;pearl whoever queasily;methinks cheerful scratch;though instead bah;sternly;impure;interviewer;true;2024-11-18T01:24:59;ick courageous alongside;2024-11-17T08:50:53;beside after;2024-11-18T03:04:21;frugal;deficit;unsubscribe
