id;file_id;file_name;company;last_updated;updated_by;created_date;created_by;is_deleted;deleted_date;deleted_by
bd068d9b-6b5d-44e6-8b41-8733e298bef6;aha arid;CD pocket;apple;2024-06-30T11:19:20;recognition duh;2024-06-30T22:04:36;if reopen fuse;true;2024-06-30T17:26:18;mishandle meanwhile
03e41e11-391c-4898-ac7f-5a2c3761d577;leadership down certainly;tidy accidentally;questionably;2024-06-30T07:26:19;once wonderfully why;2024-06-30T20:50:04;flowery;false;2024-06-30T12:01:31;gah accidentally
5bb19ebe-54db-40b0-8af6-937df6869ba3;if eternity fort;arrogantly vastly hence;cut not accordion;2024-06-30T11:16:54;supposing yuck mussel;2024-07-01T02:57:29;champion;false;2024-06-30T04:50:20;astride joust
e3bb25ed-5947-48d1-89e4-9b7c0035f31c;responsibility given;question enchanting which;ah tenderise specialise;2024-06-30T10:03:04;oof however fooey;2024-06-30T09:45:54;grip coordinated;true;2024-06-30T08:22:51;limp
4d4dd9ad-cf77-4d8f-8870-3cbf3276bcf1;hide disburse hefty;adaptation minus;than;2024-06-30T06:09:14;the;2024-06-30T21:43:10;soon colorfully;false;2024-06-30T05:01:41;hence through orange
c93bcc9c-de55-4ed4-86ba-8a18e7e008b4;yippee snarling;without;pertinent;2024-07-01T01:24:48;ick extremely through;2024-06-30T04:32:47;granddaughter;false;2024-06-30T15:33:30;even day
7d39a0bc-25f2-4b78-b6d6-861d51514d70;unused;whoa;whether extremely pish;2024-06-30T22:26:04;passivize rudely yet;2024-07-01T00:58:24;sentimental astride;false;2024-06-30T07:14:52;beginning
471f83ae-7ec0-46c7-9a2b-dfc3592c495e;before;what;shack lunch hence;2024-06-30T20:28:35;spokeswoman gosh;2024-06-30T19:40:54;unlike;false;2024-07-01T00:30:10;ugh wildly
0742ba2f-e7a2-4719-92e3-dbe3149287c3;ack;flat out;while;2024-06-30T11:49:59;supposing hastily;2024-06-30T18:57:47;transcend;false;2024-06-30T14:08:58;museum or
e16f1494-e951-4dec-8859-b852a232d9f1;forenenst opposite phooey;recycle intelligent ugh;yum overconfidently;2024-06-30T10:46:07;via;2024-06-30T10:56:22;steamroller;true;2024-06-30T06:51:15;nor
