id;name;status;description;file_id;file_name;reject_note;approver_id;company;last_updated;updated_by;created_date;created_by;is_deleted;deleted_date;deleted_by
9c19dd9c-7ff2-4063-b634-2914158a6266;than drat;CANCELLED;aha composer;via;ill-informed surge;uh-huh anenst if;11ca7f6f-5426-4007-a3bc-d9ad37ad8829;beloved itchy unless;2024-06-30T09:58:33;gadzooks;2024-06-30T07:08:27;fervently used;false;2024-06-30T08:48:47;provided sedately pfft
23b659c5-dd54-4b0d-9c24-3dfc3794c83f;pour hence;NEED_UPDATE;legitimate excepting anti;scarcely stereotype regarding;gadzooks ouch;ouch whose;e01958c0-55b5-40ce-800e-f61a648d0c7d;concerning rigidly;2024-06-30T09:10:05;coordinator lightly forget;2024-07-01T02:28:52;muted;false;2024-07-01T01:52:46;instead double
aedffee2-a9cf-48f1-9f69-355d00b74d26;hm knowledgeable acrobatic;REJECTED;evenly;boo fooey adolescent;undergo;owlishly muted;d679a87b-fb32-4378-bb76-85a0d5600d6c;once intrepid;2024-06-30T17:26:10;indeed escalator;2024-06-30T08:41:23;comply memorize;false;2024-07-01T00:00:36;truly scold
4bf3f767-05c0-46a4-a9a8-87b03c8faa76;back bah;CUSTOMER_APPROVED;puppet;amidst clearly;cleanse huzzah upwardly;ugh once;16bbdefc-7e5c-4f29-89e2-aa792b1d7faf;uncomfortable ascend before;2024-06-30T19:55:50;depict aside;2024-06-30T07:27:52;lovable because willing;false;2024-06-30T11:12:15;towards which whoever
c0008e47-522b-4f7e-b62e-9682a7c258a9;feeding physically;SENT;suffice awkwardly;that;than;excepting standing needily;7a7d1150-a367-493f-8bd2-c5996b6e5f85;through calculus bah;2024-06-30T03:17:30;cleverly planet;2024-06-30T11:21:06;diphthongise;false;2024-06-30T05:19:58;hourly finally fast
1961f227-da88-48e0-89e9-1a2c8c6ee01c;yearningly;NEW;gah grounded;nor;hence;yowza consequently unto;29ba39b6-29ae-4e22-9807-ffcb9d9b2c0e;dental notwithstanding;2024-06-30T15:42:37;clump cylindrical upon;2024-06-30T19:17:19;publishing lest stigmatize;false;2024-06-30T04:45:10;gee
6618478a-7f54-437c-b987-046a807992ab;briskly mmm;APPROVED;justly;faithful or;fledgling supposing;atrium raid;407b2d9a-d897-4aa2-ae5f-05b79740c18b;athwart when;2024-06-30T09:09:22;yowl whether;2024-07-01T00:21:16;greedily neatly;true;2024-06-30T15:19:04;gadzooks phew provided
be8dafc3-973f-433a-8e3b-657e6ac46def;haunt;NEED_UPDATE;counter;recklessly whose;swab boohoo instructive;vital;fc7fbad5-a849-4962-a0b2-0f8aba6f870e;bah fight lest;2024-06-30T09:29:27;gratefully heavy;2024-06-30T22:26:52;concept hmph drat;true;2024-06-30T11:30:33;mid
13499dd7-80dc-4d73-a4ca-8ba17264bf8e;finally worth;WAITING_APPROVAL;anti grouch total;group;herbs obstruct;demanding;d30819d5-d7a7-4ce5-b91a-2d32bf29c529;reluctance;2024-06-30T18:08:06;funnel;2024-06-30T16:22:28;splendid vacantly;true;2024-06-30T21:57:23;rigidly eek properly
71d7c5d8-bea7-4bb8-9739-fc47f96c7f0a;zowie boohoo rash;CANCELLED;alto where qua;geez boo yippee;oddly;militate kiddingly;6ac20e06-5d8c-4ed9-b102-7159969d6b25;unethically;2024-06-30T15:52:47;mindless snowplow;2024-06-30T07:55:11;mealy lobster praise;false;2024-06-30T10:36:09;well hmph whoa
