id;name;description;gift_name;value;is_giving;status;expected_date;date_of_giving;company;department;created_by;created_at;updated_by;updated_at;deleted_by;deleted_at
d2a51b8c-a638-4ff0-bd18-66ad919d921c;frantically owlishly malice;kid;twin truly;31082;false;LOST;2024-11-04T18:28:24;2024-11-04T20:24:27;likewise;consequently since;angry strut marriage;2024-11-04T20:36:48;bless outside;2024-11-04T23:01:39;madly far dehydrate;2024-11-05T08:26:32
ed634ef0-2316-4f0d-a4c5-1b4185518940;quicker pfft heavily;aha medium federate;swivel correctly;14492;false;SENT;2024-11-04T15:53:57;2024-11-05T04:06:31;upward;yowza loose stride;poorly initialize;2024-11-05T02:06:34;remorseful frightening which;2024-11-05T08:53:32;cloak railroad;2024-11-05T10:05:50
8bd88ea6-ea2b-4e93-a938-e08f41ae27cb;manufacture boiling;strobe leaker while;across scrimp;4721;false;PENDING;2024-11-04T18:56:49;2024-11-05T09:57:39;via;joint since;furthermore corny brr;2024-11-05T15:13:31;stealthily;2024-11-04T21:24:38;though or;2024-11-05T09:28:03
d71df44d-d0d9-4cb9-9bdc-20a60621864b;yahoo;divert;what genuine footstool;30893;false;ACCEPTED;2024-11-05T12:32:31;2024-11-05T12:10:30;carpet oblong hm;sculpture;joyfully;2024-11-04T23:52:50;of publication ferociously;2024-11-05T06:21:15;gee ravage fooey;2024-11-05T07:17:50
f587ea60-038b-46f9-94f5-e5fa185175b3;furthermore;of;angrily tricky;21282;true;DELIVERED;2024-11-04T19:26:03;2024-11-05T11:23:14;aha boo;so ew commemorate;apud because unnecessarily;2024-11-04T22:19:56;ill boo;2024-11-04T21:42:31;beneath even whereas;2024-11-04T16:12:16
69d7768c-949a-4aca-b260-dda0c9d13225;correspondent modulo;and;dearly;2218;false;LOST;2024-11-05T08:39:30;2024-11-04T23:43:14;quicker since;eek likewise shingle;pish as;2024-11-05T09:41:07;stealthily;2024-11-05T04:02:25;simplification;2024-11-05T10:25:43
06a2262f-0097-4500-8cc2-7c837068c38c;unloosen um but;translation oddball;colorfully packet pore;3111;false;DELIVERED;2024-11-05T00:47:30;2024-11-05T03:23:40;into huzzah arid;though attention;lest;2024-11-05T08:00:49;above whoa caricature;2024-11-05T09:30:15;after;2024-11-05T08:36:07
747b6c30-3dc9-4416-8305-a6c4a43e913d;gallery;oh afore;override woot wee;17374;true;LOST;2024-11-05T00:22:11;2024-11-05T00:39:32;fooey;excitable;jubilantly provided;2024-11-05T11:07:13;how judgementally;2024-11-05T04:22:58;proof-reader;2024-11-04T21:32:24
2806a22d-21d0-491a-a13f-7c6ca6f63f14;late ground;why wetly;until;15488;true;DAMAGED;2024-11-05T11:06:21;2024-11-05T09:23:24;awkwardly failing;rapidly ah pervade;fooey uh-huh;2024-11-05T14:15:19;yippee extra-large ick;2024-11-05T04:52:36;reincarnate likely;2024-11-05T00:55:58
54fa7ab7-44c1-491c-8b93-4473b664a020;counterfeit;irritably homeland carelessly;ugh closely;23139;true;DAMAGED;2024-11-04T23:37:30;2024-11-04T18:17:10;rare pheromone oof;unless interestingly what;haunting how;2024-11-05T09:46:06;since invoice;2024-11-05T08:36:40;finally anxiously rampage;2024-11-05T02:46:44
