id;code;item_id;inventories_detail_id;import_date;export_date;depreciation;expiry_date;notes;attribute;is_deleted;created_at;created_by;updated_at;updated_by;deleted_at;deleted_by;company;department
cd868f6f-2e89-4e19-aa7a-4242017dc878;catastrophe eschew dutiful;8ee7f9f9-c2ec-4f02-a7e2-391181e23ad9;c206f658-e99c-48dc-b8e5-7f02c4878d44;2024-11-12T09:31:29;2024-11-12T04:51:31;unless;2024-11-12T15:07:58;../fake-data/blob/hipster.txt;repulsive pharmacopoeia;true;2024-11-12T14:26:44;positively meaty total;2024-11-12T14:17:52;where failing;2024-11-13T00:17:43;searchingly appropriation;behind consequently phooey;fashion
a60c9721-0089-404d-b079-907c9cea604f;bold;dc8190d1-059c-4814-9fb5-4d213408ba16;f3fed6d6-4d46-49da-acf0-9d4655d6fa38;2024-11-12T21:49:20;2024-11-12T05:25:02;immunize wherever hollow;2024-11-13T01:20:08;../fake-data/blob/hipster.txt;miserably avocado;false;2024-11-12T20:55:17;consequently verbally;2024-11-12T23:32:53;till;2024-11-12T05:14:43;apud provided;once within yuck;left front
e08565d9-5026-4f4f-8028-d4bf8a15b845;investor;79579e4f-4f45-4d6a-9eb0-75182d56fcc4;7f0b9084-9e56-407e-a005-f28a6e392e90;2024-11-12T07:28:18;2024-11-12T12:26:48;unnecessarily;2024-11-12T04:47:07;../fake-data/blob/hipster.txt;atop composed roughly;false;2024-11-12T20:38:31;bottom-line;2024-11-12T14:06:41;brr hexagon provided;2024-11-12T10:30:59;vivaciously;chalk;about phew nor
5b133a99-54f2-4eac-b523-f8c6a52be11a;simper concrete;d16894ed-4098-48ee-bf21-47a9461c8a40;f29be874-1b0a-4396-b4e6-d11b2ea052c0;2024-11-12T11:09:27;2024-11-13T02:10:42;since early;2024-11-12T14:42:09;../fake-data/blob/hipster.txt;gear;true;2024-11-12T13:13:54;offensively gene worth;2024-11-12T04:29:39;before hence because;2024-11-13T01:20:42;distant;if;zigzag
7e6e904e-94b2-4a9a-b06f-65aba2a52666;off but accident;6a3549a0-e978-4cdb-8393-10dd88f408bc;1bb2b501-31e5-47a9-be8c-2eaec9042d0d;2024-11-13T00:40:43;2024-11-12T02:48:38;cheater;2024-11-12T15:10:26;../fake-data/blob/hipster.txt;birth;false;2024-11-12T18:06:20;after;2024-11-12T06:04:13;quickly;2024-11-13T02:17:41;evenly down;stole indolent;rebuke drat unto
e89829aa-db40-4bc0-99b5-bc4faa5b66d9;wisely ugh;ebe6ad86-b7ec-4bce-96a2-a6647c0df8d1;ceb2d914-7b10-4977-a481-06589a2928ea;2024-11-12T03:08:41;2024-11-12T06:43:55;consequently;2024-11-12T15:29:47;../fake-data/blob/hipster.txt;reluctantly out;false;2024-11-12T22:00:01;what even;2024-11-13T00:27:08;versus;2024-11-13T01:26:29;sphynx tangible;ferociously phooey redeem;however
921f9883-313c-4bd0-9192-784c6b2a756e;vivaciously;3ff7b02c-2668-41f8-b23c-92e384c0240f;5d0e3507-49ab-47e8-aa10-ae477417bd6b;2024-11-12T08:08:57;2024-11-12T16:47:41;swiftly excepting;2024-11-12T15:16:46;../fake-data/blob/hipster.txt;reflect margin southeast;true;2024-11-12T23:19:04;oh ready unlucky;2024-11-13T02:01:58;gee;2024-11-12T12:54:17;busily judo;stimulate uplift down;gripping if uh-huh
16a2e547-5305-4443-b589-5b2a3a9cbeb1;although inquisitively yahoo;285d09c0-f7db-46d5-a5b1-6875d5f3fde6;2a472eeb-7eac-419f-9b34-4bff888ec090;2024-11-12T03:58:34;2024-11-12T14:11:28;because;2024-11-12T22:47:31;../fake-data/blob/hipster.txt;yak masculinize;true;2024-11-12T10:23:52;beside;2024-11-13T02:14:06;narrowcast speed;2024-11-12T10:08:46;than sparerib;among bashfully;merrily lovingly surprised
7943597a-e24c-4fc4-9d89-7bdf89420f76;luxury ick;ecdba212-3a64-4c78-9e18-7fd763d0bb36;53d2828c-5ab3-47e6-9200-49c6a9fced7b;2024-11-12T20:36:30;2024-11-12T06:03:24;quizzically mmm;2024-11-12T20:25:08;../fake-data/blob/hipster.txt;shape;true;2024-11-12T15:51:50;convulse hurdle far;2024-11-12T07:23:04;woot;2024-11-12T09:11:35;representative whoa;lest now brave;zowie immediate
a5e3221c-0008-4b9b-b51f-8fecfefebf7e;reoffend circa;4833e1a1-8089-41ad-9228-1472d801b613;8c3f177b-4a27-44cc-b2a3-078991e07e49;2024-11-12T03:27:17;2024-11-12T05:21:11;off;2024-11-12T20:41:18;../fake-data/blob/hipster.txt;indeed er wimp;true;2024-11-12T17:46:41;hmph postpone;2024-11-12T10:14:05;dreamily gadzooks next;2024-11-12T07:57:20;ah;supposing suspiciously past;sans yawningly
