id;code;check_date;warehouse;note;approver_1;approver_2;approver_3;status;attribute;is_deleted;created_at;created_by;updated_at;updated_by;deleted_at;deleted_by;company;department
a54d66f9-552e-4342-8644-66a828e6a2d2;reorganise brr quietly;2024-11-24T12:27:58;9919c405-2562-4d63-a65e-621138bf4e95;../fake-data/blob/hipster.txt;11380e57-df4f-4136-9c3e-83957e023546;0eeaa813-6f28-4b65-8c78-d4bfd1ed016d;04f6e07f-8f4b-4609-83f9-0b26aa8906ac;coolly swiftly;concerning;true;2024-11-24T05:38:35;wee sock kiddingly;2024-11-24T21:50:43;ugh hesitation upside-down;2024-11-24T13:39:40;down;spat however at;eager regarding till
317b9f22-15ba-47c5-975f-1b5177f9b323;sane for;2024-11-24T15:11:19;0d2b54a2-8b05-4f5e-a2e1-805858bc872e;../fake-data/blob/hipster.txt;1f469905-05ae-4440-ae22-9f9ab83846ec;0769445f-bab8-41cc-8ff4-eb3e1f12c836;17b1007a-e48d-445a-b032-c7c7e7b34c03;bah;hm;true;2024-11-25T02:55:16;what inasmuch;2024-11-25T01:44:35;that scaly;2024-11-25T04:13:56;for cross-stitch;behind;why whack since
a222c661-6ad7-4d8b-a389-f11dae7647d7;flute;2024-11-25T02:42:49;d6565d5c-1e84-4e72-a5a3-35b66d57afe9;../fake-data/blob/hipster.txt;bc994ecf-089c-41ed-b92d-1a329ce6cb67;6174cac6-227d-42bf-9ecc-e0119dfbf586;6754263d-3aae-4664-989a-10e477ea1cf4;gah colorless workforce;inconvenience;true;2024-11-24T08:31:11;behind foolishly drive;2024-11-24T10:08:03;dispel;2024-11-24T20:50:22;noisily measles;almost lyrics;finally hm male
c5824f53-f066-4348-967c-ff679f081f49;dissent because;2024-11-24T05:07:17;4a0d4788-b406-4653-b8e1-770fb3bb0e34;../fake-data/blob/hipster.txt;8eb6ac8d-1438-4d7e-a51c-75b0d608bef4;d1da1e3b-671d-4416-8855-5606cfa67fed;9189c8f7-2d77-4f33-ad61-fc1a10740228;pyridine;unlike;false;2024-11-24T07:19:41;ick phew;2024-11-24T19:04:53;instead er ditch;2024-11-25T03:06:28;embalm;waggle;aim
93c0cccf-0002-4008-8385-f29727575e0a;wetly vast willfully;2024-11-24T21:19:07;45ac2e9c-6794-4bf7-ae2d-6d5ce78000cd;../fake-data/blob/hipster.txt;80a0e494-2ac1-48a5-8375-92a4ec6b7453;3605ce58-5201-4168-9cca-a19b3d06bebd;a899253e-2289-4105-a7a2-fcd69edbe17e;boldly monitor profitable;hand aw;true;2024-11-24T15:52:49;freely now prosecute;2024-11-24T20:18:45;unto;2024-11-24T12:43:42;what aw broken;weekend;imperfect
ac738ffd-d8a7-4a8f-8d7c-2a0d3520e206;tour yahoo front;2024-11-24T08:05:52;91fb8ea4-4567-4f89-b1b8-69e52261ec80;../fake-data/blob/hipster.txt;6acaddd3-9b3c-497a-aac5-f34561562e89;712ab57d-3ffe-48a7-bce9-021d177d867c;ce14ff1d-e8cb-438e-bae8-6d516bb1e457;drat geez macaw;shiny seemingly;false;2024-11-24T12:56:56;frantically finally;2024-11-25T01:35:46;below off yowza;2024-11-24T08:00:39;aboard tout tall;fully even;meanwhile
43c3665b-29d8-4a48-851d-66f9a78c07f1;foolhardy boo mid;2024-11-24T20:20:10;9be4b5b2-4a3c-4c06-9201-ed46961e1c9d;../fake-data/blob/hipster.txt;91c61810-40c7-4e83-9535-610a71617b6f;2d5ffdf2-7540-430e-a63b-c3efc09daf69;b5ce34f7-ec27-4208-af73-decd5e303f27;excepting with vast;uh-huh medication lined;true;2024-11-24T16:54:09;cumbersome spectacular;2024-11-24T16:50:08;slake hopelessly angrily;2024-11-25T00:19:44;up melon an;until whoa;oof aggravating accountability
f66d71e0-8897-4f6c-a5c4-89fb0f3ae5ac;dictionary till;2024-11-25T01:59:43;2142dba6-26af-4cd2-bc0c-9adb21c4332b;../fake-data/blob/hipster.txt;6bafe624-8f9e-4e2c-b9c4-982178e65e38;4aae0db8-3719-4fdd-81cd-5757f9f29326;b7ae4ebe-9be5-45db-80bb-5c5dc32c63ab;huzzah;aw left whoever;false;2024-11-25T04:25:17;consequently;2024-11-24T06:47:53;openly under;2024-11-24T10:59:51;mortality;whenever openly;tired than ew
24379a9e-de5b-4b49-b0a8-76013a85c80a;front stag;2024-11-24T20:53:21;4e57bd06-34e0-4108-9f05-b20ed686ae67;../fake-data/blob/hipster.txt;b80df113-7a30-41ac-a4a4-bf05ab96445b;15aa64b4-5423-4ba4-b69a-224272c5108c;3a214cde-e8de-42ec-a4d3-bed8eb767952;eventually;by;false;2024-11-24T09:23:11;really;2024-11-24T15:02:47;wherever phooey proximity;2024-11-25T04:40:19;geez husband;correctly;pea beneath
2bc3912a-bb6d-4c07-81b2-49b8eacec769;likely hound hmph;2024-11-24T18:48:20;fbecf731-83c2-4d5a-a164-e941e24a5ba1;../fake-data/blob/hipster.txt;9f7664fc-13f0-4282-a9e3-d5f913c72028;9fcf9d49-b338-49b4-8498-c1ca9b39f3fa;a4aeda9e-6711-44e9-8e3e-fe7eae1f4eb9;alarmed majority bad;snarl now;true;2024-11-24T19:20:00;caring whose;2024-11-24T15:31:56;till elegantly;2024-11-24T22:07:37;blank;which the;entirety
