id;code;attribute;name;status;depreciation_date;accounting_date;employee_id;description;type_page_depreciation;is_deleted;created_at;created_by;updated_at;updated_by;deleted_at;deleted_by;company;department
517c77e2-fca3-40cc-bce8-2ce0ee2a389d;unusual finally and;slight greenhouse;substantial coaxingly juice;hmph pro ah;2024-11-27;2024-11-26;df77c026-7a09-423f-abb7-24d02cf7ebb0;incidentally heavily squeaky;ALLOWANCE;false;2024-11-27T07:43:34;blissfully once arise;2024-11-26T08:54:42;surprisingly so bibliography;2024-11-27T00:24:53;polished;soft stained oh;eek
fd22974b-228e-4fa3-b0a7-9fe58e60e4d3;compliment;longingly club;save;boo why scaly;2024-11-26;2024-11-26;c54d723f-0b37-4215-b01a-70624508a11a;meanwhile;ALLOWANCE;false;2024-11-26T19:35:20;conflate willfully;2024-11-27T06:58:03;against visit briskly;2024-11-27T03:45:57;retrospectivity;dense;marvelous grim back
d6e9acd8-6f38-477a-9047-f726223906aa;maltreat tell;deeply;beneath whoever;huzzah speedily separately;2024-11-26;2024-11-26;f74c42ea-9cf9-4d7c-a640-2e9fc8ef2fb3;yowza;ALLOWANCE;false;2024-11-27T04:17:19;masonry through;2024-11-27T00:43:07;courageously ashram;2024-11-26T11:04:59;blah;constant provided weekly;scarce frightfully
ab888ca6-a12b-4f60-a122-1a305a4d0e70;discompose;likewise;on distribute once;aircraft of;2024-11-27;2024-11-26;a94cb098-5030-474c-9ffb-823912261b3e;unless indolent;ALLOWANCE;false;2024-11-27T04:16:52;astrakhan as;2024-11-27T03:38:14;flat;2024-11-27T02:16:43;although tedious;ankle;ew huge
cb691209-c61e-4d62-9585-d2c0f557c00f;arcade quizzical drat;round;yet;unbearably woot accent;2024-11-26;2024-11-26;ee146c61-a7d4-409c-8864-5b763dc17310;perfection provided;AMORTIZATION;true;2024-11-26T16:24:13;serious when;2024-11-26T08:56:29;helpful;2024-11-27T03:34:06;till vitro jaggedly;mortally who;wearily apron
ca602de5-27b4-4b2f-84c3-3d4f7346e689;rural inexperienced;lucky yin;searchingly easel;hypothesis terrific;2024-11-26;2024-11-27;c0e27689-7fe8-41ca-9160-39d1374e4964;between vastly mortgage;AMORTIZATION;true;2024-11-26T14:07:46;intensely;2024-11-26T19:24:56;rescue marble;2024-11-27T05:29:56;about;oof pace mobster;even catch anxiously
7cfa216d-1772-4428-9619-c273c2a8185f;following;pajamas;over;lucky tightly amid;2024-11-26;2024-11-26;437841d8-b735-4b46-8485-32262a807b26;through guilty;AMORTIZATION;false;2024-11-27T05:19:49;meanwhile failing;2024-11-26T10:06:53;parse;2024-11-26T21:09:41;verbally;often;till question
0f755ff5-7746-45e8-9f64-2576914b36f5;likewise litter lurch;elegant catalyst;station heavily meaningfully;foot;2024-11-26;2024-11-27;b5c07e6e-0a13-4475-a195-5b875556b0a5;unlike exhibit;AMORTIZATION;false;2024-11-26T19:02:10;furthermore prolong;2024-11-26T15:51:39;velvety;2024-11-27T05:34:26;except with give;landmine poorly properly;than knot
cc524d2a-6e47-48c2-a11e-24225d9fd797;ew consequently around;noted accede;whenever;shakily;2024-11-27;2024-11-26;c2ac0672-d966-4b90-bb6d-888926364a58;precious;AMORTIZATION;false;2024-11-26T23:10:45;although;2024-11-27T05:41:47;blight what;2024-11-27T03:32:55;parlay;presentation;after lest
8f4c3a54-99d4-488f-b63e-46d9cecfd6f8;supposing mayonnaise an;as whenever;shakily aw;onto enormously quaintly;2024-11-27;2024-11-26;c83e3491-1c3b-4b21-9816-8ede24e38b3f;catacomb whose;AMORTIZATION;false;2024-11-27T03:22:27;manifest;2024-11-27T00:18:18;workhorse out;2024-11-27T02:42:42;warmhearted;far swiftly;enormously offbeat anenst
