id;code;name;company;department;is_deleted;created_by;created_date;updated_by;updated_at;deleted_by;deleted_at
4cc645d3-1f20-4d44-b18d-d661a9fe3e0f;on;ack;wee knowledgeably;bottleful darling;false;before refuel;2024-09-17T10:41:37;toward void muss;2024-09-17T15:29:46;oof;2024-09-17T17:22:53
eb858b5f-7d48-4ff5-ad2a-83e302d3d246;woot likewise mushroom;yuck;along;emotional;false;notwithstanding which excepting;2024-09-17T22:29:34;minus;2024-09-17T14:05:40;throughout surmount double;2024-09-18T07:24:03
8d0cfc04-b659-43c9-aeb3-896ce0aa5d2e;except gosh wage;serene shrilly;but clank;gah;false;math poke ethics;2024-09-17T12:16:59;sans;2024-09-17T19:57:53;pleasing which;2024-09-18T00:05:20
62b8a1ac-9a4c-4a76-83e2-2fb5f840f9c2;mmm permission;vacantly;tragic animated;cube;true;coolly like gah;2024-09-17T21:04:26;incidentally meanwhile;2024-09-18T04:03:47;mammoth phooey;2024-09-18T01:28:41
c78d736c-7b63-4393-912d-53c398b8e0ee;cattle towards;besides multitask gentle;fooey derail deceivingly;dupe hence;false;lover valiantly elegantly;2024-09-17T12:03:26;when hermit;2024-09-17T10:17:15;usually unto;2024-09-17T16:55:32
be4e8e0d-4578-45e8-ad1c-6b0d32df20da;till satisfied;whose saw;if;catacomb jumbo redress;false;cholesterol hmph currant;2024-09-17T19:03:07;forenenst above rummage;2024-09-17T10:06:53;helplessly terrific;2024-09-17T14:48:06
deac27e1-2b15-4845-8b2c-7eee82169e29;failing;alliance unimpressively unblinking;sunbeam ha;tote prime;true;macadamia;2024-09-17T21:17:54;shakily how;2024-09-17T07:57:40;fawn;2024-09-17T16:45:15
320707e6-cef3-4e1c-9f9b-ca13278e5472;though instead;vice anti;hourly;playful even ah;true;wisely fortunate abnormally;2024-09-18T00:10:35;homeownership but;2024-09-17T08:18:07;powerfully;2024-09-17T07:53:01
1e9ff866-4711-4f97-9c56-3455f642314e;around;because usually within;sympathetically;beside past hyacinth;false;upside-down tunnel;2024-09-18T03:18:39;call;2024-09-17T15:01:44;let upon secret;2024-09-17T15:14:53
e7b381e3-8df9-4611-84b5-76ec77407779;without psst besides;loud sturdy modulo;finally;the advocate;false;forenenst;2024-09-18T00:04:25;grotesque er meanwhile;2024-09-17T12:50:31;however;2024-09-17T13:18:01
