id;payment_request_id;invoice_id
cb977584-2c54-4228-911c-c3d097fed06d;d61bacb0-e2d3-4be1-9733-92e0339ca4a3;f5e564d3-fdab-4426-be14-acbca7a38087
abf3f141-7dab-4f1c-9e28-b50b1ad4d2bb;fb4482e4-d2c1-4be6-b6fe-58eba1a5c070;537fca22-f803-4319-89eb-aa4771fb326d
dece0bd9-9a0d-4007-aa56-a80ed7653600;7862bde4-e1e3-4659-ad1e-ce6d0aac534a;2c5559e3-956d-470d-bca1-15c0316d48ec
87f9b421-4f37-47f6-95b2-8c8245d5e8eb;6d7c4839-ab11-40ad-83dd-9595de23a557;512b31df-a586-4ce8-bfc4-58dd6ec58169
2165cce9-2736-49cf-bff7-ea2217119109;91eb68ea-6df0-4dcf-a8f2-1922f0cc2a7e;b60a0f8b-4c38-4615-a8cd-123b6fcf5943
e76af2a5-5621-4237-aebe-579598406c1d;79327218-17b8-4b4a-ba9b-9beaeb0db356;8abb0c94-6153-4e68-97a6-86a13c853a32
816712b3-95ca-4c12-97cb-25590e90b220;3ac244c3-f92b-42c6-b350-cd171ee2ce50;b151a67d-6d91-459c-a943-b3258d1d2d71
c83c148e-6cf7-4fa7-8146-deebd76a0911;7223765a-1c96-4979-80b0-c278917636cc;9a175392-8c14-46c0-a834-f936f425f334
18343f79-505a-4a34-a9f9-9a9d4101782e;bd8ffe64-10c4-491f-9fa9-1d83f9b237dd;bc62874c-29e7-4e2b-b49d-f181d1ff15b2
6b91577e-664c-4467-83c8-c8edce48c215;bf15365d-de6b-4519-9471-1b71851f6a6b;fcaf25ac-6553-4e15-85b4-07c04c6ec2bc
