id;index;document_id;employee_id;result;approved_sign;approved_sign_name;reject_note;company;department;is_deleted;created_by;created_date;updated_by;updated_at;deleted_by;deleted_at
2fdd8038-bae2-481b-988a-ee6b86357b62;18790;out;whereas;false;besides daily wisely;ack favor;carelessly;crinoline questionable;open thorough disembowel;true;now direct proper;2024-09-12T22:10:14;meh;2024-09-12T14:50:37;among upon;2024-09-12T19:20:10
a69c68f4-0f1d-4797-8d13-b03e7b6f2bd2;3126;sudden;zowie liar;false;never;current;spanish mmm;to terribly effective;alarming blah;false;exhibit duh;2024-09-13T07:19:36;hydrolysis ugh;2024-09-12T14:55:06;incidentally canon;2024-09-12T20:49:46
56512c74-4c16-440e-9b3b-85af3c836844;6578;apud ick and;friendly apropos nose;true;dirty than;incentive sampan who;between actualize unfurl;even priest;mostly yesterday beside;false;standardise;2024-09-12T13:30:37;pumpernickel failing;2024-09-13T02:30:28;pro if;2024-09-13T02:01:47
6c5c4796-8dba-488b-9c9d-15923cdbdbba;13630;even once;rubric woot;true;unlucky boohoo out;warmly;openly yahoo;during chromakey;where table blend;false;terrific outfielder;2024-09-13T05:19:48;pollinate above;2024-09-13T09:15:45;bitterly qua lazily;2024-09-12T17:19:19
1d5eda98-37b2-480a-9b3a-2de6fd521e32;18784;thorny and;dimpled;true;questioningly phew;overachieve glistening;hence drat;after television viciously;provided;true;swiftly;2024-09-12T17:50:54;whoever;2024-09-12T22:50:07;remind;2024-09-13T03:54:45
aa045fd0-53d7-459f-920d-2fc973f2fe69;5852;past aha plus;geez;false;background;meh provided lovingly;gosh past woot;and distinguish;cruelly;true;ah;2024-09-12T21:18:31;physical;2024-09-12T20:43:44;sewer tensor blub;2024-09-13T01:34:07
a8d0e241-066a-4951-8932-42b7c1d12912;19117;foster;pace urn so;false;whoa;short;ingredient nervous though;jaggedly wetly;deceivingly around violent;true;turf around too;2024-09-13T03:01:23;bashfully after;2024-09-12T20:01:05;grotesque;2024-09-13T00:05:01
6f98c3c1-705e-4711-a792-ba6a7bbe981d;14954;or fortunately;barring mushy;false;angrily;grotesque as;bay;hungrily westernize except;kindly obnoxiously mall;false;bench;2024-09-12T17:12:22;inasmuch vice;2024-09-13T02:48:34;phooey;2024-09-13T03:30:03
a48230c1-86fb-447d-9043-cb75458a2ec9;1058;tussle cheerfully beside;disinter glorious;true;as uh-huh oh;per;aw dental invert;after psst;well-groomed abaft health;false;yowza;2024-09-13T06:55:46;fluid;2024-09-13T08:36:08;supposing;2024-09-12T23:17:25
83c8e920-b38d-4153-bc10-fd587ba8add4;6228;successfully;upon;false;degrade;radiant upon unless;anxiously absent;whereas as;well-informed mining;false;or damp square;2024-09-13T08:27:04;begonia often winery;2024-09-12T09:55:27;frantically mostly along;2024-09-12T22:06:07
