id;code;request_number;request_date;request_by_employee_id;department_id;request_status;total_amount;note;company;department;is_deleted;created_by;created_date;updated_by;updated_at;deleted_by;deleted_at
0154e616-dc90-4fcf-ac06-742a46a83644;cylindrical;limp powerless equally;2024-09-12;2399ecef-43ee-4736-b466-9768df95adf4;5988389e-b4d7-418c-bdd7-e241ae3cc5c3;APPROVED;9965.52;especially save instead;gadzooks nor ah;prudent following;false;gee;2024-09-12T20:13:11;or drat past;2024-09-12T20:33:20;for;2024-09-13T03:15:37
b3e6c512-3ef4-40f3-ad70-a954115c348f;in envious whose;whereas;2024-09-12;1b3a7c34-1dc2-4c65-837b-87170640358b;0d23642d-d9b9-4a74-9d69-b1771229896a;WAITING_APPROVE;18411.7;loud athwart a;for cleverly drainage;parole ew pickle;true;doom solemnly own;2024-09-12T23:07:35;excepting eek;2024-09-12T14:49:50;because interestingly times;2024-09-13T04:53:21
a2491389-ceb6-4cb2-9a7c-b745a20c1cc1;and boo infatuated;pish;2024-09-13;2872e290-a00a-4c78-b9a0-60d3c4e0140b;7f3f9db0-3a1b-45a9-bef3-3571b973fa6a;APPROVED;28686.18;gah before;tender;distorted;true;zebra;2024-09-13T06:49:12;mangle annotate;2024-09-12T19:52:25;modernist;2024-09-13T07:08:48
98873e24-3aa4-43e9-a71a-7d70cf54cb55;prohibition prostacyclin around;caper dirty;2024-09-13;5d51d3c5-6931-45cc-9291-00a438add731;c62a850b-9fba-49cb-8f55-65dfb1a1cacb;NEW;25806.39;geez;once leverage;ugh;true;mesenchyme whoa;2024-09-12T11:01:44;upward;2024-09-12T20:54:45;coal impartial properly;2024-09-12T18:13:39
46d83203-53ad-4e5d-aa24-9308f6905bd5;symbolize lest;before slate;2024-09-13;97bc624a-7032-4127-81ef-86899f2a65d3;4b81fafb-f155-4609-8e77-1fa5da8867cf;IN_PROGRESS;3091.61;finally;mini;safely eek;true;er;2024-09-12T19:48:26;er flimsy;2024-09-13T00:57:06;safe;2024-09-13T03:25:25
69b57ec9-2a79-4dae-bdbf-79624764ecaf;psychoanalyst;for;2024-09-13;552b0023-fb5c-4259-82a2-ee67a7211e95;b5beba2e-b4d2-49cb-903f-10ce9534d246;REJECTED;11228.08;as gratefully;hard-hat;kookily heavily hm;true;aw;2024-09-12T21:40:49;pro lubricate aw;2024-09-12T15:09:34;um date;2024-09-12T15:00:59
43977603-e4ac-4a41-affa-1ad6be125092;hock beneath;outside aw;2024-09-12;1aca0bf3-4efe-4217-9eee-788ffb717b79;2ea371e0-ace2-46c1-8e5d-c854ea1fe276;REJECTED;23707.01;as ouch;typhoon airspace stiff;supposing caricature;false;hoist bump club;2024-09-12T20:30:23;reunite;2024-09-12T22:59:28;into excluding boohoo;2024-09-12T16:54:55
2083fe4d-2b9b-49ef-80f7-178782c6fc54;bakery;whose;2024-09-13;864d565e-1a27-460f-aae4-ffc867373c54;1d2255ba-5278-4026-a808-5a5c145b2b06;WAITING_APPROVE;29516.84;yawningly butcher;times;excepting;false;daily;2024-09-12T13:07:56;blah;2024-09-12T23:03:49;disbar;2024-09-12T10:17:55
c5401a55-3b28-4777-9825-dc79fb3736bf;psst;hence;2024-09-13;071eeae2-659c-4878-b1c2-5092d7ee1c69;33e510e6-341a-48bd-a701-369c2a0f2480;APPROVED;26398.52;excel implode;yuck cautious;selection;false;mid angrily;2024-09-12T17:40:22;trifling arrogantly;2024-09-13T03:48:14;meek;2024-09-13T06:24:19
0ef0578d-a364-4d57-9860-249a597f7204;outside along;almanac how;2024-09-13;4a34b1d4-c161-4b73-a98a-6c36dbdd5dac;1a040f67-75fe-4f19-98c0-589b190de156;WAITING_APPROVE;16361.48;amid snaggle;unfortunate;yum wearily;false;save innocently pish;2024-09-12T21:28:34;judgementally;2024-09-12T12:39:03;dissect;2024-09-12T10:44:05
