id;code;name;description;is_deleted;created_at;created_by;updated_at;updated_by;deleted_at;deleted_by;company;department
c6f3f053-5140-4862-84df-a38ca48b9a87;as blight except;clinch soon schematise;but;false;2024-12-03T05:59:29;quickly microblog;2024-12-02T22:23:21;inasmuch warp;2024-12-02T19:25:22;toward hmph duh;because;circulate delicious how
60dd5d44-2069-4198-b85c-8d37c114ec2b;greatly knickers;fathom each;necessary since the;false;2024-12-02T20:41:42;zowie;2024-12-02T15:39:13;more notwithstanding doubtfully;2024-12-03T01:07:39;gadzooks gee;negative actually;wonderfully via yippee
f418d849-799c-4992-9664-3ef6a74e2c3b;out mysteriously acknowledge;of;next inasmuch;true;2024-12-02T12:43:58;coarse until seagull;2024-12-02T20:32:50;babyish;2024-12-03T00:33:23;hm quarrel;ride never;mozzarella
e74b01e6-1deb-47ae-84f6-cdc861320abb;upward phooey below;annual;uh-huh worthless corny;true;2024-12-02T20:22:18;geez;2024-12-03T05:03:25;aw;2024-12-02T22:39:37;coliseum indeed shadowbox;into darling;eek
c166c724-435c-4717-8065-d159a218daf7;ha for;now upon furthermore;bourgeoisie psst ugh;true;2024-12-03T07:56:38;among;2024-12-02T11:11:48;excluding;2024-12-03T03:35:29;drat;carefree cautious hence;ack afterwards
55c7fe33-4f8b-44f4-97f3-4c870952ef98;cosset viability;corral crooked;meaty potentially;false;2024-12-02T12:56:30;agreement vice;2024-12-02T11:09:15;jump anxiously;2024-12-03T01:38:38;reservation;brisk openly scrutinise;burly subsidy nervous
5507b3dc-5516-4e4e-97e5-042147c6d048;break;petal chops;quarrelsome;true;2024-12-03T02:39:14;over fuss though;2024-12-02T12:24:43;alongside drat;2024-12-03T00:10:10;petticoat;yin;phew denitrify ack
33f7add8-48a4-4641-9927-c5e1c3fe761d;rotten;imagineer nor;into yum onto;false;2024-12-03T10:39:19;upwardly psst markup;2024-12-02T16:13:08;hexagon playfully drat;2024-12-02T11:35:40;times aw gymnast;immediately more;blah charming
a2aed632-bc97-4b08-90ed-bb158dee5913;about bide meanwhile;swiftly;ostrich;true;2024-12-02T23:24:04;overload circa;2024-12-03T05:30:06;role really why;2024-12-03T00:48:34;hence;till;synergy instantly daily
7584455d-1aa4-4ac5-9147-0f2350632756;far blindly;down window vice;oh meanwhile;true;2024-12-03T02:12:14;armoire mmm that;2024-12-02T17:29:25;jazz verve readjust;2024-12-03T00:39:43;tray pliers;godfather;before elegant an
