id;code;name;email;address;phone;note;create_at;create_by;update_at;update_by;delete_at;delete_by;company
75f18466-4969-4406-8e89-741a73a960c6;oof;whenever;Anika14@gmail.com;pointless regarding;1-326-629-8247 x8936;brr about as;2024-09-12T07:05:16;fresh righteously;2024-09-12T16:23:21;quarterly another caddy;2024-09-12T07:48:02;blissful;phooey
06161d49-4b6d-45de-8c80-440c27a05a7e;lest psst gang;whether marsh backfire;Isaiah16@hotmail.com;immediately;489-558-4228 x5845;if marginalise likewise;2024-09-12T03:35:43;cow;2024-09-12T21:06:37;hence inasmuch;2024-09-12T08:50:27;nor;provided insistent
3c8a0a05-1d6f-4ef5-9c61-32d89cda4a8c;inspire distort sadly;abnormally difficult;Vivien.Bartoletti-Barton@hotmail.com;excitable about;829.980.2057 x01480;inquisitively;2024-09-12T17:51:50;fudge high-level knavishly;2024-09-12T09:29:07;immense instead politicize;2024-09-12T15:34:23;quizzically;pro
ae8186a9-69c2-4378-b2bf-211b27ce7f81;agency;slow wring er;Patrick.Wehner-Franey@gmail.com;link;(258) 969-3383 x7850;forked however snow;2024-09-12T14:54:13;synthesize;2024-09-12T21:32:32;by;2024-09-12T20:02:32;so fascia yowza;boo
f7563841-3385-41b7-989b-ca6a80014bb9;since wish;pro aboard humiliating;Rashawn65@yahoo.com;incapacitate;722-349-1547 x98328;phooey trusty;2024-09-12T15:13:56;duh;2024-09-12T14:55:49;onto;2024-09-12T11:59:44;naturally;exotic
9087384b-8174-4352-b5ee-e6dc6ae41d86;whoever versus;except;Cary.Koelpin@hotmail.com;phooey;1-222-983-4057;warmly tedious;2024-09-12T17:13:17;bouquet the amid;2024-09-12T13:44:09;save;2024-09-12T10:37:48;or phooey;generously
439756fd-f6d8-4be9-ade4-19312384b95f;meh or expectation;under versus;Gretchen40@gmail.com;reassuringly;1-398-292-0193;phooey slim;2024-09-12T06:08:07;duh wildly;2024-09-12T23:06:02;but swim;2024-09-13T01:31:27;gosh;actually cylindrical whenever
42ae8403-c2ee-42f1-bcfe-c20e42d211f1;guard glorious;cape chlorinate;Deion_Schultz@yahoo.com;amid rehouse reflecting;(527) 519-5470;ugh um anxiously;2024-09-13T01:00:22;whereas yet after;2024-09-13T01:07:57;frightening;2024-09-12T17:06:15;belfry;solemnly the
80c47552-33b0-450d-b14b-45430f970be4;godparent;micturate ack;Lazaro44@yahoo.com;righteously as;(653) 406-5634;prey scalp smoggy;2024-09-12T17:51:14;round;2024-09-12T06:37:52;ick beach;2024-09-12T21:25:49;smoggy successfully lunch;hm
d30c626e-4bf5-4b00-a967-8301015d4261;deposition voluntarily mercerise;hacksaw gosh;Gordon57@hotmail.com;when try;507.511.4945;tolerant uniform;2024-09-12T18:22:35;insistent aside stepdaughter;2024-09-12T19:46:16;really consequently;2024-09-12T14:44:04;oh apropos guzzle;once
