id;code;transaction_id;transaction_code;unit_price;quantity;remain;notes;type;expired_date;manufacture_date;item_id;item_code;warehouse_id;warehouse_code;supplier_id;supplier_code;customer_id;customer_code;order_id;order_code;manufacture_id;manufacture_code;packing_id;packing_code;create_at;create_by;update_at;update_by;delete_at;delete_by;company;department
ac9246c7-4099-4f9f-bfd5-ccafd3116dc4;traumatic;0cf42089-48dc-4b3b-91d3-56afa39d91c9;legal disinter after;1920.06;2986;29618;rapidly;harsh legitimate rerun;2024-09-24T16:13:12;2024-09-24T12:10:17;4f383fc7-f25d-4879-9a3e-08ae6ae1a926;outside silver consequently;7ee6df5a-ca4c-4542-84d6-ab0495bd6f24;excavate wed mid;f62d1675-cecb-418c-83d2-fa5bf8fb553a;for fancy whoa;087074e2-83aa-4c94-9d03-534dc9cdc7a9;keenly swiftly vastly;5af4a132-50aa-41a3-9e80-e352205ba800;easily considering athwart;d116279d-a94a-48d5-9ff4-7ff61bbb4ea9;bathrobe jubilantly;c7991cdd-9940-492b-8b7b-69d5ee8ede0c;televise;2024-09-24T09:00:58;pish;2024-09-24T07:29:58;formal by unto;2024-09-24T13:47:09;wolf since;harmless although;pace expand
49bd10a4-34a8-49f6-bc35-9a4eb997f639;smolt;18857a1a-a4ee-4a9d-a307-88bb2067ef61;about um;4107.95;21033;4303;destroyer ha generously;obediently badly;2024-09-24T20:53:00;2024-09-24T20:57:09;09e5832f-4e88-45eb-8af4-dafd8e9f53d8;extirpate;c3d897e9-9055-429a-ba2a-1ef90068374d;for;09f085ea-c01a-462d-a420-69a79d700ac4;wherever mare woeful;cd55e849-c54b-451a-adf1-0105b509c871;evenly;1352b53f-ffc3-4947-8900-10cb0f388c05;ultimately undergo but;4a2baa76-f7f0-48d0-8515-2b46084ce6e1;inferior hearsay innocent;f5ff318e-20e2-4ec1-a0e4-64eae9466cf6;moral bah mirror;2024-09-25T03:15:52;gosh;2024-09-24T08:15:47;boo;2024-09-24T17:13:51;aspirate psst dock;anenst where;repel fatherly lymphocyte
3bff32db-7cbf-487d-8801-49029f4c584e;motherly loftily wing;27c41173-03f4-4b16-aa5f-a51bbe5d3bca;neglected faint;19363.89;10682;13945;excepting apropos loyally;ugh encounter;2024-09-24T17:16:44;2024-09-25T04:39:24;e9ab1560-7f88-459c-a137-930d9df57578;kindness cultivator intimidate;c989984a-ec2a-4075-81a9-b50d4253ba11;neck with via;9983b420-bae7-4980-8c48-a380da2a17dd;partially whose;0c4a435a-52b9-4032-88b4-88852fce6a47;aggravating;ea13522f-5524-4b2e-aa28-3d0770d32348;ack;dd468729-772e-4a92-9b7e-d4c83c9d7c33;ah off;3813e740-1bc8-4840-adf3-cb48863b2897;analyst mysterious instead;2024-09-24T06:46:45;though brr;2024-09-24T07:53:13;except;2024-09-24T13:22:50;ridge stylish inasmuch;general in-joke;gravel severe bite
1ff1ebb9-ed09-45b2-a3e0-041f287c315f;ah;08fac879-423c-406c-8924-8f2cc2cac4af;reassuringly;15371.17;11152;12806;jittery;sculpt flick who;2024-09-25T04:35:39;2024-09-24T11:05:08;ac6fef00-f986-4a49-a7de-e686c5675083;readily fond strictly;63968249-9732-4c27-8250-07d68828c0b4;whereas cone truthfully;fbf78983-d6dc-4ce0-81f7-946cd08c0977;powerfully impel;61b7ba18-4f37-4380-b997-7313fe2cc975;oof lambaste lest;61451607-c271-435f-92dc-aa0c3f04b59f;joshingly;dba5261f-1bc4-4169-9009-6dd58f294cd8;sermonize;76a6ff2c-5746-4feb-b2ce-44284060cacf;reveal likewise;2024-09-24T14:54:51;respect except;2024-09-24T15:35:26;forceful patiently ack;2024-09-24T16:00:35;whether;where up;allay accidentally jumpy
5215320f-2c46-4b11-9c7f-37ee8977a415;budge till;73d5d260-5bde-4a37-a51d-74fd8408d7a4;pupate boo;10331.7;24628;11371;improve gratefully though;abnormally basil;2024-09-24T21:54:54;2024-09-24T12:43:11;e72944f1-5d7f-42e2-a283-2881180b84cc;truly;b953ed84-b086-4ff9-bfa8-11fad103206b;mmm dig;0a5324ec-cd53-45f0-8293-90cb64d1ff3e;scoff gastropod blissfully;6d621ba3-2462-4052-999e-12718b264c5a;before harden under;c06b73d6-9794-49ea-916a-e339d2548ee1;mild;43cc6ab6-26bd-4f9c-9fcc-fef3ba5eb624;and quirkily;a735a120-63fa-42c2-9df6-314e3cb8f5b3;midst infamous;2024-09-24T07:22:46;zowie surmount;2024-09-24T20:30:55;fatally;2024-09-25T00:25:02;yippee concertina;what evergreen cart;gadzooks cluttered yet
f5aece25-8c2b-4540-a914-6a74be92fa9a;yuck well cute;71a23c7e-04e7-468b-aaaa-aafa02d83b1f;what steep what;22029.49;18112;545;oh rightfully drat;playful enormous meanwhile;2024-09-25T04:36:12;2024-09-24T08:52:22;6b08423c-bd67-4885-b7be-ba39ce894455;utterly kiddingly;25bd50af-6bc2-4c04-8fa5-4dd35ef34343;oversell centre;d2dd0e79-543b-4a97-9958-f5d187e3e5c2;gadzooks;af8d29e9-c35d-45cb-8fca-7204fe7ed6b3;strong;67996ddc-8ba2-4aaf-86c6-80cc74c09439;hovercraft boldly overheat;fe61dc3d-0edf-41e0-b391-2f4949b100e8;woot loyally;c1a265d6-2df2-43b4-9071-491d855e81ab;miserable far-off;2024-09-24T15:22:17;even seriously mankind;2024-09-24T13:02:16;following sparse motorcycle;2024-09-24T08:13:52;hmph;thunderous besides;fly a atelier
3603e9f8-a6c1-43c4-963a-0dcd8c61efa4;now;73e194f9-1108-49b9-9f4f-77ab09bb21d6;woot oof;32555.25;24288;19711;ah bottom-line mmm;brisk;2024-09-24T06:51:45;2024-09-24T05:06:30;8bd8e917-b702-43b0-a24f-ec3f8fca3e6c;recklessly senate;32304ccc-708f-47e4-b46e-da38cef06e86;decoy gray;db4dba73-5e38-45ec-a178-6ba543571308;yesterday daintily;4641f9b0-8958-451a-9fb5-a198d53e7b76;feisty bumpy tart;543169f7-dbff-47b1-9b72-b7e9dd1f5a8b;gadzooks geez disrobe;ecc0d7b0-72ca-4192-a4b1-b15855f3101c;proofread diligently dearly;dbc9ff32-c56e-427c-971f-39b0115eb9e0;yearningly fax;2024-09-24T09:53:28;apropos yahoo before;2024-09-24T12:03:23;tune;2024-09-24T05:47:18;pace bondsman weasel;lightly offer;to
7b392885-7b4b-43d2-b8dd-7e57d29c47d8;nor softly;52b3f122-b478-4499-b4f6-36b8631544b9;so under;3628.59;26412;22202;the generally contractor;so abaft platypus;2024-09-24T08:12:33;2024-09-25T04:37:30;a5f279eb-dd4b-44a9-96da-76100921a5f9;woot awesome while;2f53efa6-7fd8-40b8-8f0d-11cd9be1fb55;perform;674e3073-8ef3-4078-b162-216a234fcd5b;into lest furthermore;de0bf348-9098-4a70-98a3-076f0bbcefe3;whether glacier;dff9c42c-ba76-4345-a8f0-2ee9c7c6fedb;subtract den;ea688e8f-74bb-4d28-9f81-b24ea2083991;fervently;2da9f8e3-3bca-4ae2-8eee-3a9ae13c6953;phooey;2024-09-24T18:53:22;fort in instructive;2024-09-25T00:27:55;whenever than oddly;2024-09-24T14:52:27;but fret for;tune frantically weld;sport
fc8dfaee-1f87-43db-939b-da036e8eb83e;readies throughout honestly;d7bd6b00-9767-4694-b271-5c6023ea9c77;psst opposite so;27345.88;17310;2017;sore;uselessly miss meh;2024-09-24T20:38:45;2024-09-24T07:22:32;c1c80f0e-be11-42e7-930f-e3a21d84b6fb;actuate;41cc11db-6b2f-44d1-82b3-ef588d3c2cdb;inside meh;6ab69017-194c-4567-bc94-244affb7e9a9;firebomb teacher throughout;2646c3b2-200f-42c6-ba48-e2fff91cfaa1;french recommend like;99b57049-7508-4dd0-90a7-50a621774415;yowza;0efc8b76-812f-4855-87ac-17d3229ecc92;about rigidly;5df0d3b9-11d0-487c-a501-b7441786a7f1;educate some flee;2024-09-24T20:15:43;what;2024-09-24T10:00:55;inside;2024-09-24T22:20:16;snaffle although;slowly;before
392410a7-0065-45b9-9b7e-122a005abfa4;shatter;83b55891-6f0d-4c7f-a3f5-4f9898be3c3c;mid meanwhile;32120.46;24468;26854;excepting;silver withstand vacantly;2024-09-25T03:20:55;2024-09-24T13:29:59;d49ba1c3-0c72-4e7d-8356-db283cfddad8;refuel;d9f4d29e-8c98-4886-9eb9-5e52fb497db7;sweetly beyond indeed;dc950b9b-f84b-47b4-a833-00f796a61e0a;quirkily;f2b1a999-e752-4f46-b45f-532df33e3c1a;into spelling;a7fbaef0-7967-4723-9dc8-050c3b17dc4e;mmm;64f78db1-7b49-46fc-bc29-eff11c5e4328;rekindle flustered;f669a673-baad-4e9d-b228-d83165b0ad19;inasmuch rehouse psst;2024-09-25T03:17:53;pish keenly joshingly;2024-09-25T00:52:10;whoa pfft;2024-09-24T22:59:11;amongst;inwardly gynaecology;meh click now
