id;code;attribute;name;is_deleted;created_at;created_by;updated_at;updated_by;deleted_at;deleted_by;company;department
83c48cc3-97c3-444f-b7de-9657eff63e35;imitation unexpectedly wrongly;advertisement;though;false;2024-11-26T20:38:07;until twine aw;2024-11-26T23:13:44;once;2024-11-26T17:30:04;concertina;cruelly boohoo;qua righteously since
e052ed41-ec5e-4eb8-b26e-ea4dabebfd5d;ugh apud;upward politely lopsided;poultry idolized ouch;false;2024-11-26T21:44:13;defect the prime;2024-11-26T20:13:09;hospitable zowie;2024-11-26T11:48:00;in;jazz foot how;aside pish less
b9ffc293-0114-4c17-b79d-adfc4e9ebed4;whoa harmonise;questionably very overact;brr meh;false;2024-11-26T21:00:25;unless;2024-11-26T19:49:48;specify in;2024-11-26T20:26:28;ouch;sadly plate;blah abaft crisp
db138b6c-d0a9-4afd-9806-23f707fd9a1a;suburban however trespass;contribute regarding lest;bowtie yippee;false;2024-11-26T12:06:35;sponge profile unless;2024-11-26T15:41:12;instead phew drat;2024-11-27T07:24:08;unhappy trivialize;blunder instead;clip despite
6fadd7ff-73e1-4a43-af5b-12cd84192f0f;abnormally;outlying nonstop ack;greedily next since;true;2024-11-26T23:54:44;unripe;2024-11-27T00:52:14;carelessly;2024-11-26T15:33:46;stale relaunch;ack;now whoever
0390e1b5-d53c-43da-a28e-42f8891d946e;nationalize obediently;velvety a cup;warm-up brightly;true;2024-11-26T13:59:20;about;2024-11-27T06:34:14;unto;2024-11-26T20:28:54;tractor;spell;afterwards when sin
78849160-df3f-413d-ad1a-4c44e2848745;in sanitize willow;therapy;hopelessly intensely per;true;2024-11-27T07:21:22;borrowing;2024-11-26T14:33:30;unlucky;2024-11-26T15:20:28;skeletal;diaper parched;falsify
7f1d18b0-800d-431f-95a0-c642c7112706;ashtray woot;hungrily;dreamily;true;2024-11-26T19:19:24;chow except blackfish;2024-11-26T22:48:31;geez mandate;2024-11-27T08:46:37;usually;writhe;reamer pfft amid
2daf904f-ef8b-401a-85eb-9c2b37609980;knowledgeably;furnace elaborate;regularly;true;2024-11-26T23:37:27;onto mature gosh;2024-11-27T08:11:35;except truthfully;2024-11-26T21:11:06;across;safe upright;pfft
71c21229-d9be-4c90-9d56-e59774de4abd;until;whether;because pneumonia;false;2024-11-27T01:36:36;euphoric labour;2024-11-26T19:53:22;lounge arrogantly furthermore;2024-11-27T08:25:05;augur;after;underneath
