id;name;base_qty;alt_qty;active;create_at;create_by;update_at;update_by;delete_at;delete_by;company
4384fd77-dc02-498a-8c16-e0db98ce75e6;oh fooey;9122;10440;true;2024-09-09T07:52:23;worth;2024-09-09T00:06:22;circa good silent;2024-09-08T21:33:42;yahoo;whoever than rust
ceb82037-26d8-4abb-806c-c6a730e0cb5f;normal only beneath;6161;32446;false;2024-09-09T04:35:36;mass;2024-09-08T15:23:04;geez which;2024-09-08T15:51:54;uselessly yuck wisely;via
8736adc9-bd0c-4955-8105-8bac457bb15a;oof phew documentation;27801;4964;true;2024-09-08T15:11:06;pro next;2024-09-08T12:23:04;ugh upright until;2024-09-08T19:41:01;nocturnal tremendously;intercept if caring
3394c633-4662-4048-87c7-70592c04029c;what overjoyed mmm;3651;5061;false;2024-09-08T20:32:36;gah;2024-09-08T11:25:24;yum hm;2024-09-09T03:47:34;absolute cringe via;circa
4e2027e5-6e91-4e29-a72a-f2d074e68c2a;wrongly;9876;20041;false;2024-09-09T08:15:15;oof along after;2024-09-09T08:15:26;furthermore liquor smart;2024-09-08T21:49:56;intelligent afore;whose
908db8bb-82db-4540-a8dc-2644941da600;a;3473;2636;false;2024-09-09T08:44:54;beautifully;2024-09-08T19:00:57;commune incidentally consequently;2024-09-08T15:37:15;ha;since minute below
f9027616-50f9-44c2-8018-ea89597402cb;adult;10414;598;true;2024-09-09T08:48:33;yippee before;2024-09-09T03:23:16;venerated;2024-09-08T14:29:15;reading furiously very;polymerise massive interestingly
0946a60c-4979-49c1-b1f5-81c98925443b;vivacious authorized daintily;27334;28755;false;2024-09-09T09:17:40;lute whoa as;2024-09-09T00:51:03;dull incidentally;2024-09-08T16:11:01;unless huzzah;rightfully soundproof yippee
37e86066-e45f-4863-977b-56c50f37794d;which;28041;10051;false;2024-09-08T14:54:56;aside;2024-09-09T02:32:10;instead furiously;2024-09-08T14:45:52;plain minty;gainsay
1e8abae4-d138-4ac0-873e-05cc10c0c935;likewise now;6030;10403;true;2024-09-09T02:33:08;dwell;2024-09-08T11:56:54;till warped;2024-09-09T06:42:43;voluntarily loaf aside;hit diligently
