id;code;name;value;company;department;created_by;created_at;updated_by;updated_at;deleted_by;deleted_at
700ecc66-e09a-4225-8921-fd2d24afe32f;under;yum eager an;13941.24;though;unnaturally furthermore;outpoint against um;2024-11-06T02:33:04;transmit;2024-11-05T23:27:02;puzzling plus helplessly;2024-11-05T21:25:43
0e7a61d9-6db1-4939-90e2-394df946fc32;whisper trailpatrol;breathe;13783.09;below rural;gracefully black;misrepresent;2024-11-05T21:57:43;furthermore sedately kill;2024-11-05T13:33:35;on towards sidle;2024-11-06T01:07:33
80a90566-bda6-4af1-9b91-6f4ce9625959;windy;past glug;14110.98;sinful plus defendant;mountainous whose;ideal bunt;2024-11-05T17:25:08;mangrove geez;2024-11-05T18:14:13;careless;2024-11-06T04:57:56
c20bfe8e-b5c2-44da-b960-1399cefa046c;braai;complex procedure sheepishly;8062.55;cement sans;whoa zowie with;into;2024-11-06T07:02:49;silently;2024-11-06T06:52:54;upward;2024-11-05T23:44:18
fb0031f8-409d-4087-9903-aa43b6a7c91a;curiously next;pish familiar international;29519.8;onto;failing;an save;2024-11-05T23:48:55;border moral at;2024-11-05T14:04:48;digress supervision oval;2024-11-05T08:55:04
f6b20d3b-8c53-437f-af40-3883c3513621;off;keen bah;11742.23;eek than;tile advice badly;teeming;2024-11-05T10:33:34;given puritan;2024-11-06T00:34:13;given drop obnoxiously;2024-11-05T21:24:34
b3885eb7-04de-4dfc-9a86-373c4c932a20;feline;mean;19430.78;alarm pleasing toward;dessert yowza yet;yowza schoolhouse;2024-11-06T06:38:16;although;2024-11-06T06:24:27;off huzzah;2024-11-06T01:21:32
896b481a-d8f0-4901-b2c8-d593100b165c;sideboard dungarees;biosphere know-how;20350.8;clearly once blind;submitter uh-huh;subset theater;2024-11-05T08:14:19;uh-huh;2024-11-05T12:40:18;fooey thicken;2024-11-05T16:06:35
0d1c27a4-5d73-4674-b3da-79613431f264;aha mid mmm;because behind silently;32342.47;yesterday shocking;canalise supposing apropos;colorfully king incidentally;2024-11-05T20:32:32;patient sled;2024-11-06T05:11:26;bottom high pish;2024-11-05T11:58:07
bd2445e8-085b-4be2-b620-ac5ac913eda9;limp bashfully scraper;brow;19276.13;cascade yak;than difficulty;sanctuary sternly;2024-11-05T21:20:46;count indeed;2024-11-05T10:52:18;phony uselessly hollow;2024-11-06T03:31:05
