id;code;name;address;active;create_at;create_by;update_at;update_by;delete_at;delete_by;company
df6882fc-9c87-46e4-b956-9fbcf8547a4c;bandwidth commercialise apud;modulate rigidly mmm;terribly;false;2024-09-17T13:11:06;drat swot;2024-09-17T10:43:10;lime;2024-09-17T19:43:50;er back advocate;save yuck
4511ec28-1b17-42da-b979-2caf579adf98;and modulo quarter;wren;startle skiing geez;false;2024-09-17T08:35:08;drat;2024-09-17T09:31:33;shrill charming merrily;2024-09-18T06:11:05;immunize wedding;meh positively upliftingly
df5ce542-c56b-41af-bddb-10545b60d099;boo;empty highly;eaglet;false;2024-09-17T23:38:19;regulate aha ack;2024-09-17T11:09:04;helpfully concerning;2024-09-18T02:49:35;extrapolate lake gah;nor digress merrily
3882a8c5-cc27-4406-8118-d98f71b83f08;chortle;sans submerge ah;dizzy restaurant puzzling;false;2024-09-17T11:48:13;groan yet;2024-09-17T15:28:07;pheromone usefully;2024-09-17T11:53:39;shyly juvenile provided;elephant
b19155e0-6d65-4d01-b8c5-add94237aa39;diary till;dock modulo so;versus;false;2024-09-17T19:38:19;versus;2024-09-17T07:40:55;instantly delightfully;2024-09-17T14:52:05;hence;which shoemaker
7c66c510-afe3-448a-9256-3a75b905c7e9;spirited although rarely;even;align rough;true;2024-09-17T12:13:16;inborn concern synchronize;2024-09-17T10:50:21;once warming admired;2024-09-18T06:53:24;despite disregard;yahoo unfit hybridize
cb9d0d19-a04f-49db-8bf5-a8e5dbb7eb25;bud icky if;afterwards kit;acknowledge disposer;false;2024-09-17T19:49:58;since wherever;2024-09-18T00:45:11;minus;2024-09-17T22:04:49;packaging;which during
7f310810-d0ca-4b17-a4af-3ccafc910907;blah if and;courteous yak soggy;pricey whoa;false;2024-09-17T19:47:23;joyously than so;2024-09-17T20:00:02;duh boohoo whose;2024-09-17T14:38:24;ordination;well
1d32a9cb-d63d-47fe-9bc6-b25039db5307;potentially waver sunder;antique enervate hiking;unnaturally;false;2024-09-17T19:46:22;suddenly tempting;2024-09-17T09:04:55;untidy;2024-09-17T21:30:29;unsung trammel incidentally;report anchored
c45fcd42-6033-49ce-aa0a-42146d0c9558;sweaty marry;yuck wetly;than;false;2024-09-17T21:40:36;slowly candid;2024-09-18T07:22:51;youthfully past;2024-09-17T18:18:32;woot;fervently boo
