id;file_id
ddc6b8b1-bd6e-4468-8fb3-24e52b6dea02;5a2a4ed0-145f-4954-b0f9-a7517cdf6673
d5151699-2547-43c5-8bbf-d16f11633e37;c3d4f766-6222-4c86-9e50-41dbfbe01984
3d1e6994-493c-4542-8327-d1faa1289516;8d64270f-8000-4023-af14-da55bc593e40
1174b919-967c-4864-90a7-b2d23a99b381;a5679d08-54a3-4619-8751-28bbfec58fa1
aef3d179-586f-45bf-8afb-3b46ddb39a94;2d6b3f45-e022-47c9-b37c-ac1f136e3a10
6ad52202-cc30-402a-bc19-7bb2c5c3026a;2bd2d108-4f93-4bdf-a01c-9d35699e404f
ca81105c-ed00-45fb-a782-28d17040d9e9;8f8e51de-ca6f-4594-ba35-c67989f59d4b
9fdd6803-6173-4f66-8e30-1551c5253c8e;4cd2f70e-22d0-42a5-86a9-f03abc627a8c
583ace39-1889-4660-8ba2-ab2e3c6601a4;c6e0c834-1c71-47b0-a909-c18b1dae8f69
35552a2a-c163-4b00-ae5a-6a2c2f29d49a;fe713006-9eb2-4f32-9312-48831f412d7b
