id,document_number,date_start,documentary_group,type,content,signer,recipient,archive_location,sender_or_receiver,attachments,attachments_content_name,approval_sign,approval_sign_content_type,reject_note,company,status,created_at,updated_at,deleted_at,is_deleted,department,created_by,updated_by,deleted_by
251bbd48-133a-4511-93d2-cf7991654457,bah not too,2024-07-24,INCOMING,DOCUMENTARY,utterly,bcb4ff62-7960-482b-8f41-53c96aabd548,the furthermore,pig,3a158dd9-994a-41da-90fa-71c789b3e615,../fake-data/blob/hipster.png,why why ack,../fake-data/blob/hipster.png,image/png,than,MMS,NEW,2024-07-24T14:27:16,2024-07-24T13:38:40,2024-07-24T05:32:13,true,likely yuck muddy,humming fooey kind,by,yum triad unless
4c913325-faab-4582-96f6-4df5371086b9,that rightfully,2024-07-24,INTERNAL,DOCUMENTARY,temptation,d2e7dbe1-b24f-46f2-a0d2-cf740718af7c,indeed semaphore fooey,phew mast fatally,cfd5b269-76ab-4d67-9104-f10e8f3a8cea,../fake-data/blob/hipster.png,correct,../fake-data/blob/hipster.png,image/png,an untie,MMS,REQUEST_EDIT,2024-07-24T05:13:36,2024-07-24T18:46:11,2024-07-24T21:30:54,true,strictly flung the,yesterday,heckle hungry landing,boohoo suspiciously
58a47a36-8b14-4184-bbe9-3397a3d927e7,meh pessimistic,2024-07-24,OUTGOING,ANNOUNCEMENT,yippee hurtful,ad424c3d-75ad-4ec6-9189-a974e88aaa21,for apropos,inasmuch,14f6e3b6-b9b3-46b6-bf26-5dbbd3acaf31,../fake-data/blob/hipster.png,parade,../fake-data/blob/hipster.png,image/png,upside-down dandelion,MMS,APPROVED,2024-07-24T14:17:55,2024-07-24T13:24:47,2024-07-24T20:40:21,false,aboard beneath given,forager dig top,down how,noxious quizzical
9fb01d10-9a9a-458b-b551-cf89b4e7c5d3,yippee impressive finally,2024-07-24,INTERNAL,DOCUMENTARY,dive meh tricky,1ba08459-3288-4039-8fe4-94e1bd82002a,cheap pie gee,inasmuch poorly scold,1327bb70-9110-4c55-83f7-1a8bc465bf6b,../fake-data/blob/hipster.png,edible,../fake-data/blob/hipster.png,image/png,since dental,MMS,REQUEST_EDIT,2024-07-24T07:03:34,2024-07-25T00:55:06,2024-07-24T15:01:11,false,beneath,sweatshop queasy,annually who coal,failing shakily detection
e3a04b1c-7207-4bd6-b13b-c45389e2c58c,farmer,2024-07-24,INTERNAL,DOCUMENTARY,garnish serval tomorrow,93251225-ba5b-4b1a-8ed9-e0590eff7aa5,graft,woot quick-witted,cbd76a9a-b3e7-4b5e-a069-2e246095389e,../fake-data/blob/hipster.png,yuck,../fake-data/blob/hipster.png,image/png,devoted,MMS,REQUEST_EDIT,2024-07-24T16:25:47,2024-07-24T10:49:07,2024-07-24T17:19:40,false,after,meh apropos gosh,rapidly container where,drink
3cb04e71-5874-4779-bc72-d4f5883dbde1,whoever pro good-natured,2024-07-24,OUTGOING,DOCUMENTARY,real,f2b3d3aa-98a8-4bbf-a777-953741dcaa72,blabber,while vice lazily,420fd489-0da2-422d-8050-c96271b4f58e,../fake-data/blob/hipster.png,before whine,../fake-data/blob/hipster.png,image/png,apud ticket assail,MMS,REQUEST_EDIT,2024-07-25T01:42:29,2024-07-24T17:56:22,2024-07-24T07:58:57,false,great,strictly off,ah wasabi until,blah
b1e30ca4-781e-4810-aafa-717d6b8c2db0,brr gah,2024-07-25,OUTGOING,DOCUMENTARY,unnecessarily er absentmindedly,1e669a01-753f-46f2-a9e8-d22e30de440b,how,gab now,33442a69-7461-4c75-bc84-4085ad65eb12,../fake-data/blob/hipster.png,violet condense,../fake-data/blob/hipster.png,image/png,up sidewalk haze,MMS,NEW,2024-07-24T23:27:21,2024-07-24T04:56:04,2024-07-24T22:43:47,true,delightfully mortally,along tackle,mailbox via,uselessly female
f3d5ccad-0a5e-4150-bebb-2e4997e950c6,satin boohoo outrigger,2024-07-24,INCOMING,DOCUMENTARY,optimistically woot watcher,13865451-bf43-4f08-b7fa-6333c2b60d88,indeed compete,ack,f5f0ab52-3cb9-4362-ab56-fa190f9e56dd,../fake-data/blob/hipster.png,quaintly,../fake-data/blob/hipster.png,image/png,while yet ack,MMS,PENDING_APPROVAL,2024-07-24T23:39:33,2024-07-24T23:30:57,2024-07-24T11:37:11,false,fruitful dear,indeed lobby,who yet,juicy quirky mess
84139ea2-e41c-4176-8bac-3c8131e2cef3,although,2024-07-25,INCOMING,ANNOUNCEMENT,publicize,83f6a5cb-e0d5-47ae-8cf1-98909eface12,inability idolized aha,after trivialise,ebec227f-648b-4094-ac58-a26641f63c84,../fake-data/blob/hipster.png,following,../fake-data/blob/hipster.png,image/png,commence deep instead,MMS,REQUEST_EDIT,2024-07-24T16:24:20,2024-07-24T17:04:58,2024-07-25T02:10:19,false,gratefully without refuel,drat butler,upbeat,pro including woot
7e8d516c-3d99-4494-abe7-c536c40c7575,worth,2024-07-24,INCOMING,RESPONSE,stultify with however,3f4435f3-dc8e-4f07-9461-9a580f6b0132,nippy,on,8abe05df-3037-45b0-a508-ac3cfbaf4b5e,../fake-data/blob/hipster.png,horse hopelessly circa,../fake-data/blob/hipster.png,image/png,terribly capitulation because,MMS,NEW,2024-07-24T07:02:12,2024-07-24T22:22:22,2024-07-24T11:11:48,true,sentimentalize reprieve sans,silent reflect,oh after,impeccable boar tattered
