id;date;time_keeping_id;check_in_time;check_out_time;completion_percent;company;department;is_deleted;created_by;created_date;updated_by;updated_at;deleted_by;deleted_at
fbb98cf4-1713-4eab-bcc9-e8c34ed45c46;2024-10-23;de43889e-1c2e-4a0b-8a83-fc954f3a7dd9;2024-10-23T15:21:04;2024-10-23T20:14:18;23364.93;before brow;hospitable;true;rave;2024-10-24T02:35:46;gadzooks soulful;2024-10-23T21:33:58;speedily clavier;2024-10-23T13:10:14
496101fd-8e0e-458e-822e-646985efbb00;2024-10-23;e9d74f97-ab5e-4488-afa0-ebf0f18455f8;2024-10-23T11:47:31;2024-10-23T16:42:28;29830.68;pancake;than for;true;ouch;2024-10-23T17:44:19;inwardly until patter;2024-10-23T13:45:07;um;2024-10-24T01:29:53
0ac27cbb-7bb8-4bfd-ad73-61a7520fd5a0;2024-10-23;b30c1fa3-d514-4df7-bd3d-e87e7cd85f3a;2024-10-24T02:06:53;2024-10-23T23:59:47;31477.45;among because queasy;chubby only;true;venue if call;2024-10-23T05:15:28;interface unto formation;2024-10-23T13:16:01;salt;2024-10-23T18:47:15
495e7a91-e7b1-4c07-81c4-13ae92101bfe;2024-10-23;25a9a455-2eb3-4b99-8058-a81b5827a6a2;2024-10-24T00:10:02;2024-10-23T11:27:49;22800.91;soon;wound well-informed articulate;false;cupcake aw;2024-10-23T06:34:27;by;2024-10-23T18:44:59;glum softly though;2024-10-23T21:18:03
089a1e1a-dd38-4a5a-a244-f9248ec16276;2024-10-23;a30790ca-be7d-490a-b8dd-c4d27031e077;2024-10-23T05:43:38;2024-10-23T14:54:26;2623.25;spangle ascribe woodshed;bah;true;yellow claim extra-large;2024-10-23T14:38:37;despite underestimate;2024-10-23T07:26:11;paralyse researcher dreamily;2024-10-24T01:08:42
cb7d3425-f1ba-4d55-8dee-4750cfccfe5a;2024-10-24;ae7887cf-6348-4b63-8241-e6b618683563;2024-10-23T09:37:28;2024-10-23T16:16:16;2194.39;over too;recite yuck;false;duh since;2024-10-23T10:31:51;as preoccupation;2024-10-23T15:58:04;whilst depot;2024-10-23T11:37:48
ff214758-a053-4153-8948-7e971490a4ec;2024-10-23;4d5d1780-a5a2-4e78-82b8-e0d62f2550a5;2024-10-23T10:08:13;2024-10-23T23:19:24;5183.71;yum inasmuch base;ew;false;geez so wherever;2024-10-23T18:58:54;drawl regular;2024-10-23T23:36:47;effectuate plummet;2024-10-23T13:42:55
2d2f8708-b4d5-4b84-9a3e-fe1e53031eec;2024-10-23;b7ca8c9f-921f-4e02-b6f9-86eb933c358a;2024-10-23T08:03:16;2024-10-23T10:31:00;4101.84;derrick;kiddingly;false;gadget gosh;2024-10-23T17:13:32;ballpark;2024-10-23T08:06:32;out regarding apropos;2024-10-23T09:39:53
2978e678-5181-4cb6-8e09-fdf3a0de1bea;2024-10-23;f6ce8cf6-de1a-4c4b-a43f-b9302b34326d;2024-10-23T19:49:43;2024-10-23T09:57:38;447.32;mercerize notwithstanding;repeatedly commit;true;unlawful cleverly;2024-10-24T04:04:17;minus fooey;2024-10-24T01:16:13;excepting yet;2024-10-23T23:48:13
6620c434-e8ad-4c63-b017-c5c624ff4fe8;2024-10-23;78a653e1-77f1-4d5c-b3ea-eff09730660b;2024-10-24T04:06:32;2024-10-23T21:40:12;6935.99;bleakly;mortified inwardly so;true;boolean;2024-10-23T15:12:51;whoever to;2024-10-23T21:36:01;likewise;2024-10-23T18:03:19
