id;leave_regime_request_id;status;employee_id;approver_id;reason;created_at;updated_at;deleted_at;is_deleted;created_by;updated_by;deleted_by
cfc6c97a-cfd7-4fe2-9516-1344c766cc6c;67133030-a6d6-419f-ac32-f3939b0d646d;WAITING_APPROVAL;ce725aab-da68-4c15-9ee1-a131c3b246f0;192ec6e6-2295-4c17-8b8f-64b1806c2fac;ghost;2024-07-21T22:33:00;2024-07-21T09:20:53;2024-07-22T02:40:07;true;19218b84-4411-4a17-93ff-724fc075f484;5930ab84-d0a7-4621-99a0-48ac12c6d369;5889353e-ce5a-4a13-8b38-8408b2545cba
6d1971ce-242c-45fe-9e17-fd9320d088c0;47449dd2-e6a9-4a83-810e-aec479c232b3;REJECTED;6c44a945-35f0-488d-a17d-ce4dd54dedde;fd1de30b-0115-4f04-b420-2b033405f09f;befit;2024-07-22T03:05:32;2024-07-21T10:23:45;2024-07-21T14:00:46;false;81d6e94e-6d42-4963-b895-f55ea4aae775;e2cb6192-a683-4115-8561-6142f8520927;24ccdd78-f2c1-45f1-be10-08866f13170c
b112584b-319c-4d3d-839a-eca647e9bac3;785badc9-e7e2-43a9-ae05-0733cf41709c;WAITING_APPROVAL;c5457b7a-a512-4458-b00e-0584ff5cc10e;e058a6bd-e42a-4f73-ac43-d6244f0fc0a8;disappoint supposing;2024-07-21T15:28:35;2024-07-21T15:21:04;2024-07-21T12:18:48;false;41c058a8-d1bc-422e-b908-b72978db2c79;8ce81b6f-9f06-428c-ae8d-74d5cab44a52;f997fe9d-619d-419a-b128-0baecf91b333
c99d00fa-3c5d-47b6-a32c-dbb7ed43b2c1;6c91ddce-5a1d-4407-9146-0b87e011f9eb;APPROVED;1cbcb625-6dee-41cc-8122-8ace581c977b;ae7575a5-3b8e-48f8-b9d7-7d23944cc45d;gently scrutiny since;2024-07-22T02:22:34;2024-07-21T22:09:17;2024-07-21T18:17:55;true;1d539542-6863-4444-b185-ab797d0fced4;6043b1ec-493c-452a-9f16-0598f9e7f9e6;562afc2a-bb8e-42b6-9705-88e31f0c79cd
52b818e4-b03d-4354-814d-673f2e00da85;35a9be4c-f86a-48c7-b1e8-ef9b2a1c5dbc;WAITING_APPROVAL;2dea50fc-d92a-44b6-9d49-75c52a61530e;1b844301-a955-4c21-83db-9943927df261;whoa oust correctly;2024-07-21T23:05:49;2024-07-21T03:46:43;2024-07-22T00:40:09;false;ca11174d-35ca-4689-a8d8-42eac0cb7f4d;b44d066b-31ad-4b02-a867-737365159793;a6e31410-a566-4b3e-ba13-597149232ef9
9f233c05-5230-4639-bdb6-6a9181ed55b5;639bcb92-f7d4-4e74-b401-f10ca00dfb63;REJECTED;c00eb85d-b791-45aa-89db-f9f473896ab1;62c6f05d-7f38-4b5b-a71e-6b6c6bffbd1e;silently donor;2024-07-21T09:56:36;2024-07-21T08:43:00;2024-07-21T20:26:07;true;8d44fe12-c47f-4810-988c-a963b4abac88;7174fefe-5285-48af-9715-23d598fe1a7a;3879e46c-5e55-4b2c-9ed8-552115608dbc
a440a4ae-a961-417a-be89-377e40bfd6ea;969be35e-bfd6-4a72-a8b5-6a91b6811b57;WAITING_APPROVAL;c48fd07d-e513-4f42-ad5c-ceaa26c0f696;a2ae177e-7880-46ff-9d07-cf958f54e75f;ick absentmindedly wherever;2024-07-21T19:55:05;2024-07-22T01:17:59;2024-07-21T05:40:03;false;37bd8db4-290c-4391-b7c3-acb2ebf65788;65256425-001d-411b-a282-558d35abcea9;481a981c-9426-4024-b89e-4abfd2959e66
602acdf6-4bd4-4b2a-ba7d-fea6974f157e;db33abab-bb40-4bc6-a0e4-decd0d5bccec;APPROVED;722965b7-19c7-43e3-89c4-070817afca1c;ed45345c-dd57-487a-91a2-78f7d14c13a6;lest;2024-07-21T22:28:39;2024-07-21T06:37:49;2024-07-21T08:53:24;true;a1141152-fd90-4c4a-9ae9-86ec1e61d29b;faf67852-f099-489a-98fa-e34fa14d6adb;2ba4697b-289c-41ca-bb6e-53ae98296c69
84a18584-b658-4c93-b734-6101022982b2;c685dbdd-1db4-4c96-8a7d-ce970e01132c;WAITING_APPROVAL;7f07b79d-35c3-49d1-8f47-906ea6d0e8d2;a567a7f2-9534-4236-8905-13425e8bf869;enormously sheepishly towel;2024-07-21T12:08:09;2024-07-21T23:43:12;2024-07-22T02:35:40;true;ca1048fd-d2c8-44dd-8318-0dc395d7c2df;597837c3-952a-48b9-84b9-618c192f4fdc;f918cdb7-24f1-426d-99ce-99b7d6da1ca5
406958d9-3017-4971-a7db-cc5ae6dcfff9;4017b584-ad37-4776-a1d9-0e4f9b74a6cf;WAITING_APPROVAL;d6973fe2-f1cd-42a2-ad61-3f6bd6ecbdb5;f82179c5-fa2b-4327-8444-41eefc46aa1e;claim interweave;2024-07-21T05:07:28;2024-07-21T23:49:21;2024-07-21T18:33:49;false;6cbaba8d-9163-4916-b682-b9f9576e3a5d;7efc0641-f9ba-4e1e-909d-7281b3b64c34;632c084c-026b-43ec-aa77-ca0fcdd38baf
