id;page_name;type;number_of_reviewers;company;department;is_deleted;created_by;created_date;updated_by;updated_at;deleted_by;deleted_at
1dfcb47a-462e-420c-8fe5-4c7791196951;sole qua gee;Sequentially;14290;woot spare pace;fatal;false;philosopher;2024-10-14T17:57:11;individuate rutabaga deeply;2024-10-14T18:45:51;neigh;2024-10-14T20:21:17
9a38b56b-4712-468c-873e-3621bb8881de;brave sadly;PeopleNumber;12616;after striking irritably;merrily clearly;true;evenly whether;2024-10-14T10:14:24;uniform admired prate;2024-10-14T17:58:22;favour than mmm;2024-10-14T12:50:03
fffe883a-efbf-47d8-aeec-cda6a6e120a4;impanel;PeopleNumber;24831;huzzah;wrongly;true;mid dishonest brave;2024-10-15T00:55:36;beautifully;2024-10-14T21:10:16;scapegoat;2024-10-14T21:23:58
90473e78-d37d-4626-8419-f9b68ed02099;than weather;Sequentially;16187;phooey;arrogantly provided;true;turban though intently;2024-10-15T01:31:38;yahoo;2024-10-14T22:05:03;sheepishly;2024-10-14T15:13:31
6e7d70a9-ebdd-470c-aa3a-f96b1c2a3938;provided rebuff;Sequentially;26378;hose;aboard;false;owl arch bow;2024-10-14T07:52:57;remit;2024-10-14T13:57:25;placate among every;2024-10-14T14:45:02
156f96af-4ce2-4230-a5aa-b21b1d581a4e;inasmuch;PeopleNumber;16797;openly unless jell;sometimes;true;before;2024-10-14T19:19:17;frugal snowboarding;2024-10-15T00:12:36;vice and from;2024-10-14T21:00:18
163fb862-5cd4-4fe2-be05-ba662195ee67;for;PeopleNumber;7601;intervenor palliate what;following;true;mime;2024-10-14T17:35:16;after minus critical;2024-10-14T20:52:15;swiftly duh;2024-10-14T17:58:56
d1f5d1b5-e917-4d22-8978-580d8149cd73;woefully carom slice;Sequentially;16358;angry norm;as bird residence;false;attacker whenever unabashedly;2024-10-14T20:10:08;oh selfish thunderstorm;2024-10-14T06:45:08;drip;2024-10-15T01:17:36
ee28fa87-ca91-443c-8db1-ada16f8e71f7;inasmuch;PeopleNumber;17981;kaleidoscopic hmph as;for if tepid;true;even;2024-10-14T18:41:13;weapon gadzooks crochet;2024-10-14T06:04:47;into;2024-10-14T09:56:46
76885c83-4218-49f5-b6c9-ec0516a20681;about spike that;Sequentially;23160;finally;fulminate pony hmph;false;lighthearted which;2024-10-14T08:34:39;amid skulk elated;2024-10-14T04:44:20;untangle truthfully shift;2024-10-14T13:38:59
