id;quantity;create_at;create_by;update_at;update_by;delete_at;delete_by;company
b856f6dc-5f58-4d08-9989-856e95f3e6ae;5292;2024-07-28T19:59:30;stammer recall;2024-07-28T09:59:59;beside howitzer;2024-07-28T12:01:51;throughout anti bountiful;harvester
8bf5e6ad-6fec-47de-9721-9178d651fb9b;11994;2024-07-28T07:38:28;what;2024-07-28T23:16:20;cant little;2024-07-28T05:09:42;raspberry behind hefty;neatly
fc4aa3fa-5c98-45e2-8d67-dcb3269b55e1;2047;2024-07-28T23:51:59;oh mantua pfft;2024-07-28T10:31:44;smoke once;2024-07-28T22:24:00;oof;versus majestically when
f33c7045-18d5-4593-8516-56084a9e90bf;8520;2024-07-29T03:08:01;legitimate;2024-07-28T22:59:53;land upside-down;2024-07-29T00:33:27;yawl;yet after
af1a4475-ee87-4073-ad7a-4852da5544d3;2251;2024-07-28T21:32:25;what till;2024-07-28T13:44:03;sedately similar;2024-07-28T19:18:10;unwilling unnaturally truly;integrate
8eaeaae9-5222-4a99-8459-4a240f6ae9c4;25580;2024-07-28T07:05:25;below;2024-07-28T21:23:28;bracket knottily;2024-07-29T03:59:39;yahoo;circa
251ea2c9-9d02-4307-8739-8da8812aabfb;27872;2024-07-29T01:28:45;thin iris ugh;2024-07-28T14:49:23;percolate;2024-07-28T18:02:37;frantically difficult beneath;abaft ecumenist circa
98833543-1652-4189-b72b-93c41ce554c9;18270;2024-07-28T18:23:00;trifling whether;2024-07-29T00:35:14;moccasins;2024-07-29T01:38:32;while pink keen;nonstop brightly
d5bd470e-b06a-4b66-a820-0ca0079d549f;5065;2024-07-28T23:20:17;gosh;2024-07-28T06:13:28;quizzical;2024-07-29T01:12:28;traipse upwardly;transit softdrink
0d4eec48-031a-4d6f-9468-1940189269ac;31617;2024-07-28T09:52:44;reproachfully killer;2024-07-28T10:00:45;worrisome;2024-07-28T15:53:39;blench tofu;hm
