id;date;employee_id;quantity;create_at;create_by;update_at;update_by;delete_at;delete_by;company
fa7103bd-19b7-4de2-92b5-82da484b6fed;2024-07-28T10:11:55;5f450991-203b-4adf-aee5-6c36159de553;17992;2024-07-28T08:55:27;whereas beneath;2024-07-28T06:07:36;frantically;2024-07-28T20:00:58;fork offensively;almighty
8f498159-dab8-4f7a-b05e-8768aaf78923;2024-07-28T20:09:36;a43137ef-8d75-4bb5-95fe-0a6ecff8f489;25100;2024-07-28T20:42:36;around angrily;2024-07-28T08:46:49;wealthy recapitulate;2024-07-28T14:50:47;meh;finally
272046d8-401b-451e-93de-f708f48fc375;2024-07-28T19:53:43;06563bf6-fe28-4c78-b36d-632dc9f1c8c4;7727;2024-07-28T16:03:51;questionable decline boo;2024-07-28T17:34:38;predecease incidentally lest;2024-07-28T08:41:01;practical anyone;clarity
5f870aa1-4f76-43b1-8f09-95db698317ac;2024-07-28T22:10:48;e12351d2-d734-44c7-99f1-dd5cf8d9cf7b;32322;2024-07-28T11:56:35;bird-watcher;2024-07-28T06:03:01;hence;2024-07-29T00:44:45;talking physically apropos;loosely geez
9cc1ef06-d18d-4805-bb2e-a2fcfaa0e2d3;2024-07-28T21:43:13;751cd65a-4bda-4a0b-9b84-862dbc768cc7;836;2024-07-28T12:50:47;knavishly huzzah;2024-07-28T15:14:22;scarper;2024-07-29T00:29:27;whether;carpet
0ac5f085-076c-47c6-ab2a-a6f72d287584;2024-07-28T21:48:51;d3352a70-f421-474d-821f-70f82c4bb639;22299;2024-07-28T21:58:55;sociable breastplate unnerve;2024-07-28T18:27:55;since inoculate subtract;2024-07-28T14:19:43;ha;unkempt
3a5c6fe9-f68a-4fa8-8545-7bbef755c7e4;2024-07-28T08:36:09;09901494-259c-489c-8b11-af65a5028796;8062;2024-07-28T12:31:28;disseminate to hit;2024-07-29T01:22:51;abaft informal;2024-07-28T06:46:06;save;aspic parse
8cca8be9-52d2-4b5a-8fb1-fe357928398c;2024-07-28T22:28:28;e9b0be0c-fb67-4b00-bfbe-1db7a2391d25;17122;2024-07-28T21:30:18;frenetically crocus astride;2024-07-28T17:32:44;pleasant delightfully pish;2024-07-28T14:26:49;usefully ouch exactly;tide kettle following
4f739c72-632a-4f5d-a653-24cfcb4fcaa8;2024-07-28T18:24:29;40a8456f-b282-4ab6-9920-9e8f58f75842;28918;2024-07-28T07:52:37;mmm underneath carefully;2024-07-28T17:30:20;possibility;2024-07-28T15:27:49;instead than oof;component reproach
c1e994d2-c4c6-449d-b29e-ce86d7b699ff;2024-07-28T16:31:14;fad86100-ace9-41f3-b56b-34c8dd8cbd39;15032;2024-07-29T01:10:13;guilty aha for;2024-07-29T01:38:56;concerning;2024-07-28T04:15:00;relieved repeatedly;after
