id;check_time;incinerator_air_duct;incinerator_air_duct_note;incinerator;incinerator_check_note;drying_oven_air_duct;drying_oven_air_duct_note;drying_oven_meter;drying_oven_meter_note;drying_oven_wall;drying_oven_wall_note;drying_oven_valve;drying_oven_valve_note;sieve_screen;sieve_screen_note;crusher;crusher_note;magnet;magnet_note;mixer;mixer_note;packaging_machine;packaging_machine_note;is_active;created_at;last_updated
fa4dd534-4eb6-47ce-a987-33823f6c433e;2024-06-04T13:17:59;false;hence;true;before hectare;true;unless;true;log down;false;aha;false;disassociate;false;after lumber;true;speedily;true;skate advertisement yippee;false;remortgage incidentally gah;true;eek dashboard till;false;2024-06-04T14:16:16;2024-06-04T18:40:08
3e7e4938-366e-47b6-84fe-ec883dd8f545;2024-06-04T12:27:30;false;finally;true;adjust;false;bah beyond;false;aha;true;however perpetuate;false;tomorrow creamy;true;self-assured;false;darken towards;true;powerfully;true;yum er;true;lie motherly instead;true;2024-06-04T09:41:16;2024-06-05T08:15:06
01a0e5ab-c1a8-47ee-b5f7-aa45807b6e85;2024-06-05T00:36:32;true;ashamed spicy;true;hot meh daintily;true;breath enlightened;true;yieldingly reconvene orange;false;off loftily;false;whose scar;false;modulo among foist;true;bawl handsome;false;steam afterwards;true;or strand;false;than;false;2024-06-05T02:31:09;2024-06-04T17:48:25
c8169bda-137a-4b8b-9956-a63524214004;2024-06-05T05:04:57;false;ultimately;true;likely;true;without forenenst aw;false;out;true;desecrate elbow;true;whether mmm;false;yippee to;true;healthy inasmuch sorrowful;false;inasmuch fumigate;false;mercerise vex;false;helpfully dismount;false;2024-06-04T15:59:11;2024-06-04T15:44:53
0ed319f4-a211-41db-8a4d-858ae6c744d7;2024-06-04T13:30:58;false;yummy yuck anti;true;zowie absent glistening;false;incidentally;true;spawn furthermore um;false;for;false;during skedaddle rider;false;thoughtfully knottily;true;skating between screening;true;consequently hateful;true;doubter yearningly adaptation;false;proper;true;2024-06-04T09:37:58;2024-06-05T00:06:45
59d2cb54-abc9-4966-ad19-960172ee5023;2024-06-04T11:05:12;false;badge babyish;true;merrily rugby colossal;true;mature sympathetic payoff;false;defiantly whenever false;false;viciously;false;mimic accidentally;true;afterthought drat though;false;finally unto;false;until extremely;true;tradition;true;all;false;2024-06-05T06:32:41;2024-06-05T07:10:31
ae462a34-08eb-4e8b-8e78-ef59ad07b4cb;2024-06-04T13:08:05;true;sympathetically especially;true;empowerment aw;true;knowingly a waterfront;true;sled;false;hm;true;demilitarize meanwhile;false;poverty aboard vandalize;true;truthfully facilitate;true;fooey however;true;conscientize times supplement;false;loathsome;false;2024-06-05T02:32:25;2024-06-05T02:49:53
6266a11f-dc57-4145-aad6-3777e47b14a7;2024-06-05T00:49:22;true;barring submissive inasmuch;false;boohoo;false;as;true;lively if;true;as guide once;false;truly submitter cadet;true;pfft;true;anise pfft;false;zowie pulley;false;growling up drat;false;so track;true;2024-06-04T21:53:58;2024-06-04T21:18:17
6c5fffca-eac5-494b-8d23-aa162bc609da;2024-06-05T04:09:14;true;friendly fast;true;why stimulating spec;true;ha spry after;false;fiddle lest;true;tan arrival;false;wiry passionate;true;acclaimed encircle subject;false;decimal modernise wonderfully;false;even forestall;false;where link;false;by ick;false;2024-06-04T18:22:57;2024-06-04T15:50:42
4d3c3dda-8146-41c5-8f04-f05723a84685;2024-06-04T14:33:06;true;repeatedly hmph overdub;true;barber lest thoroughly;false;inasmuch;false;gosh;true;than found;true;excluding where longingly;true;now incidentally infatuated;false;sour misdiagnose;true;idle quarterly;false;rigidly;true;knowledgeably;false;2024-06-04T19:19:51;2024-06-05T00:51:54
