id;check_date;check_time;weight_number;steamer_atm;steamer_temp;steamer_time;tub_1_atm;tub_1_temp;tub_1_time;tub_2_atm;tub_2_temp;tub_2_time;fin_product_no;receiver_id;note;is_active;created_at;last_updated
c163597c-adbc-46df-b965-272ee0ab7830;2024-06-04;2024-06-05T06:24:14;round likely;ick aha;17136.28;2024-06-04T18:13:33;excluding off;13349.5;2024-06-04T11:15:34;ew;7125.56;2024-06-04T17:43:54;scratch;c08c9168-471c-4a84-a708-1ca3523eb6db;gee hmph whiten;true;2024-06-04T23:42:17;2024-06-05T04:27:24
44d8014e-f6a4-4a1e-b1f2-79ed18f02fd0;2024-06-05;2024-06-04T18:40:11;fudge if until;cashier as;26156.23;2024-06-05T00:55:28;meh gosh;12409.35;2024-06-04T21:30:29;likely incidentally likewise;14250.57;2024-06-05T03:22:28;combination count dreamily;6165fd82-8ca6-46ee-9773-b40c0692ee85;like culture polyester;false;2024-06-04T16:33:38;2024-06-04T17:18:30
3fd7e311-8923-4f0d-938f-1f9d0a74d7c7;2024-06-04;2024-06-05T06:25:32;toward;lest;31791.61;2024-06-04T15:34:36;frenetically;6601.24;2024-06-04T16:12:54;invest specialize;6009.01;2024-06-05T07:01:04;mmm round;63136143-348c-478f-a503-60467c133566;dreamily;true;2024-06-05T02:15:26;2024-06-04T23:32:55
b9ed6dda-846a-4327-b887-be7ff438e99a;2024-06-04;2024-06-04T22:41:35;swamp er;anti zigzag;648.74;2024-06-04T15:22:14;attacker or;27515.05;2024-06-05T04:47:30;dovetail bangle;31785.38;2024-06-05T09:35:28;since furthermore zesty;378c25cd-fb34-40fe-94ff-38ce381d771f;exploit;false;2024-06-04T23:21:59;2024-06-04T19:25:15
c54c456a-590e-40d0-bbaa-fc8fc8af8511;2024-06-04;2024-06-05T06:23:04;excluding;whether big past;12763.23;2024-06-04T11:00:01;gah per;4907.2;2024-06-04T13:33:29;than;3167.62;2024-06-05T09:04:57;fearless real;bcfe785c-444e-4bb9-aece-1f5feb286739;geez;false;2024-06-04T16:10:01;2024-06-04T15:48:53
e756ba8e-1fce-4b90-832a-8cd13ea13c1c;2024-06-04;2024-06-05T07:54:48;without endoderm gee;queasily;5463.91;2024-06-04T22:34:39;sleepily forenenst;6182.99;2024-06-04T17:51:58;mmm whenever;13651.3;2024-06-04T11:21:55;whoa backcomb;5e3abf0d-b0f5-4b27-bfd7-d9ce79d9d3be;into weakly unto;false;2024-06-05T06:28:31;2024-06-05T04:27:31
28689660-0d8b-4040-9af7-ed9e9ef3b89f;2024-06-04;2024-06-05T04:41:11;tremendous focused however;stepmother;23973.24;2024-06-04T10:04:22;than;26721.05;2024-06-04T10:04:30;bee;2720.7;2024-06-04T22:50:06;frilly;dd9b0a6a-d2fa-4281-b224-9c6ac6207453;regarding yahoo;true;2024-06-04T11:33:30;2024-06-05T07:39:33
c24cbd3a-12af-4659-8d06-51355e5f7493;2024-06-05;2024-06-05T01:42:11;equipment;taste;10866.73;2024-06-04T13:40:29;atop;18148.2;2024-06-04T22:24:07;jaggedly bill;23989.64;2024-06-04T23:45:43;given gah burly;94fe3233-63ed-412b-bf9a-142ba1b63454;fooey chomp ah;true;2024-06-05T02:54:40;2024-06-04T14:03:34
7ba6c6b7-45e7-4de9-9a9a-58673e402935;2024-06-05;2024-06-05T05:22:16;along who so;honestly;22620.2;2024-06-05T01:06:09;defiantly;3704.95;2024-06-04T21:47:34;across angelic vainly;30989.05;2024-06-05T05:30:43;ally sermon amidst;863ccff4-de86-4660-9037-774e9a7815f1;woot eek;true;2024-06-04T17:02:04;2024-06-05T09:36:21
4357a423-849a-4879-92f2-8407ab0d68b3;2024-06-04;2024-06-05T03:50:59;sheepishly;unnaturally stamp;22506.67;2024-06-05T07:52:24;indeed gee alternative;21043.33;2024-06-04T13:09:57;beam select;4415.03;2024-06-04T17:12:15;very embellished;0e8e76dc-edf1-43f5-8de2-d67dc47aab4a;rigidly;true;2024-06-04T22:48:19;2024-06-05T02:25:22
