id;name;day_of_week;number_of_shifts;work_hours;department;company;department_type;updated_at;updated_by
c349832e-da90-49f4-a750-df0d5ef913b3;after sternly in;10955;6592;21526;vice ack;ew;merrily disinherit near;2024-10-20T08:13:57;weatherize
8d16c04f-8d25-4535-aefc-154989429b16;coliseum proceed apud;24631;24621;20366;a kinase;bleakly;once vivacious;2024-10-20T05:30:36;winding char
f9362eec-bbbe-4784-b8fe-c09d5321411e;yet;10776;2300;30568;well-to-do since exactly;and heavily ugh;when winding of;2024-10-20T09:29:26;now
cc74c460-26ee-4395-99c2-e15e878f8a7b;gee though;13375;7840;28541;folklore;favorable;yowza;2024-10-20T20:14:25;yet tricky dark
70f95981-b4d6-4c9e-af21-146f48e5939a;woot instead um;24311;25248;27587;exonerate what fuzzy;mash sedately;phooey space;2024-10-20T05:14:17;poppy spectate
03858ecf-5704-4c9f-adce-2280b2f8f414;swear;7866;27466;10791;duh pulp apropos;toward recklessly sweetly;faint qualified versus;2024-10-21T01:52:10;clumsy magnetize
a2c85406-c9e4-4a75-95b7-55b6936a7172;jiggle loudly;26405;18589;21791;equally wherever;joshingly peony;whoa immaculate ha;2024-10-20T21:01:22;before
04418ec1-af1c-45d0-a135-f2e9e6a2a588;amid jaggedly;26796;12627;18200;while sideboard;homely monocle including;anti;2024-10-20T03:43:32;scamper
1c62fa7c-6420-42b8-9ba7-c3882bea4331;evenly whoa;5208;1029;17872;quizzically ah;gleefully;slow serenade;2024-10-20T17:45:15;yuck sometimes so
7d901a6f-f684-4f97-a872-59f6f08458ca;afore;13229;19107;23669;whenever;petal silky openly;anxiously tabletop unless;2024-10-20T21:04:14;barring round
